Timestamp,Raw_ADC,Voltage,Rs_kOhm,Rs_R0,Gas_Index,Delta_Index,Trend
2026-08-27 16:29:18,268.0,1.31,28.172,2.817,17.75,17.75,INCREASING
2026-08-27 16:29:19,268.0,1.31,28.172,2.817,17.75,0.0,STABLE
2026-08-27 16:29:20,267.0,1.305,28.315,2.831,17.66,-0.09,STABLE
2026-08-27 16:29:21,267.0,1.305,28.315,2.831,17.66,0.0,STABLE
2026-08-27 16:29:22,267.0,1.305,28.315,2.831,17.66,0.0,STABLE
2026-08-27 16:29:23,267.0,1.305,28.315,2.831,17.66,0.0,STABLE
2026-08-27 16:29:24,267.0,1.305,28.315,2.831,17.66,0.0,STABLE
2026-08-27 16:29:25,267.0,1.305,28.315,2.831,17.66,0.0,STABLE
2026-08-27 16:29:26,266.0,1.3,28.459,2.846,17.57,-0.09,STABLE
2026-08-27 16:29:27,267.0,1.305,28.315,2.831,17.66,0.09,STABLE
2026-08-27 16:29:28,266.0,1.3,28.459,2.846,17.57,-0.09,STABLE
2026-08-27 16:29:29,266.0,1.3,28.459,2.846,17.57,0.0,STABLE
2026-08-27 16:29:30,266.0,1.3,28.459,2.846,17.57,0.0,STABLE
2026-08-27 16:29:31,266.0,1.3,28.459,2.846,17.57,0.0,STABLE
2026-08-27 16:29:32,266.0,1.3,28.459,2.846,17.57,0.0,STABLE
2026-08-27 16:29:33,265.0,1.295,28.604,2.86,17.48,-0.09,STABLE
2026-08-27 16:29:34,265.0,1.295,28.604,2.86,17.48,0.0,STABLE
2026-08-27 16:29:35,265.0,1.295,28.604,2.86,17.48,0.0,STABLE
2026-08-27 16:29:36,265.0,1.295,28.604,2.86,17.48,0.0,STABLE
2026-08-27 16:29:37,265.0,1.295,28.604,2.86,17.48,0.0,STABLE
2026-08-27 16:29:38,265.0,1.295,28.604,2.86,17.48,0.0,STABLE
2026-08-27 16:29:39,264.0,1.29,28.75,2.875,17.39,-0.09,STABLE
2026-08-27 16:29:40,264.0,1.29,28.75,2.875,17.39,0.0,STABLE
2026-08-27 16:29:41,264.0,1.29,28.75,2.875,17.39,0.0,STABLE
2026-08-27 16:29:42,264.0,1.29,28.75,2.875,17.39,0.0,STABLE
2026-08-27 16:29:43,264.0,1.29,28.75,2.875,17.39,0.0,STABLE
2026-08-27 16:29:44,264.0,1.29,28.75,2.875,17.39,0.0,STABLE
2026-08-27 16:29:45,263.0,1.285,28.897,2.89,17.3,-0.09,STABLE
2026-08-27 16:29:46,263.0,1.285,28.897,2.89,17.3,0.0,STABLE
2026-08-27 16:29:47,263.0,1.285,28.897,2.89,17.3,0.0,STABLE
2026-08-27 16:29:48,263.0,1.285,28.897,2.89,17.3,0.0,STABLE
2026-08-27 16:29:49,263.0,1.285,28.897,2.89,17.3,0.0,STABLE
2026-08-27 16:29:50,263.0,1.285,28.897,2.89,17.3,0.0,STABLE
2026-08-27 16:29:51,264.0,1.29,28.75,2.875,17.39,0.09,STABLE
2026-08-27 16:29:52,264.0,1.29,28.75,2.875,17.39,0.0,STABLE
2026-08-27 16:29:53,264.0,1.29,28.75,2.875,17.39,0.0,STABLE
2026-08-27 16:29:54,264.0,1.29,28.75,2.875,17.39,0.0,STABLE
2026-08-27 16:29:55,264.0,1.29,28.75,2.875,17.39,0.0,STABLE
2026-08-27 16:29:56,264.0,1.29,28.75,2.875,17.39,0.0,STABLE
2026-08-27 16:29:57,263.0,1.285,28.897,2.89,17.3,-0.09,STABLE
2026-08-27 16:29:58,263.0,1.285,28.897,2.89,17.3,0.0,STABLE
2026-08-27 16:29:59,263.0,1.285,28.897,2.89,17.3,0.0,STABLE
2026-08-27 16:30:00,263.0,1.285,28.897,2.89,17.3,0.0,STABLE
2026-08-27 16:30:01,263.0,1.285,28.897,2.89,17.3,0.0,STABLE
2026-08-27 16:30:02,263.0,1.285,28.897,2.89,17.3,0.0,STABLE
2026-08-27 16:30:03,264.0,1.29,28.75,2.875,17.39,0.09,STABLE
2026-08-27 16:30:04,264.0,1.29,28.75,2.875,17.39,0.0,STABLE
2026-08-27 16:30:05,264.0,1.29,28.75,2.875,17.39,0.0,STABLE
2026-08-27 16:30:06,264.0,1.29,28.75,2.875,17.39,0.0,STABLE
2026-08-27 16:30:07,264.0,1.29,28.75,2.875,17.39,0.0,STABLE
2026-08-27 16:30:08,264.0,1.29,28.75,2.875,17.39,0.0,STABLE
2026-08-27 16:30:09,263.0,1.285,28.897,2.89,17.3,-0.09,STABLE
2026-08-27 16:30:10,263.0,1.285,28.897,2.89,17.3,0.0,STABLE
2026-08-27 16:30:11,262.0,1.281,29.046,2.905,17.21,-0.09,STABLE
2026-08-27 16:30:12,263.0,1.285,28.897,2.89,17.3,0.09,STABLE
2026-08-27 16:30:13,262.0,1.281,29.046,2.905,17.21,-0.09,STABLE
2026-08-27 16:30:14,263.0,1.285,28.897,2.89,17.3,0.09,STABLE
2026-08-27 16:30:15,263.0,1.285,28.897,2.89,17.3,0.0,STABLE
2026-08-27 16:30:16,263.0,1.285,28.897,2.89,17.3,0.0,STABLE
2026-08-27 16:30:17,262.0,1.281,29.046,2.905,17.21,-0.09,STABLE
2026-08-27 16:30:18,263.0,1.285,28.897,2.89,17.3,0.09,STABLE
2026-08-27 16:30:19,263.0,1.285,28.897,2.89,17.3,0.0,STABLE
2026-08-27 16:30:20,263.0,1.285,28.897,2.89,17.3,0.0,STABLE
2026-08-27 16:30:21,263.0,1.285,28.897,2.89,17.3,0.0,STABLE
2026-08-27 16:30:22,263.0,1.285,28.897,2.89,17.3,0.0,STABLE
2026-08-27 16:30:23,263.0,1.285,28.897,2.89,17.3,0.0,STABLE
2026-08-27 16:30:24,263.0,1.285,28.897,2.89,17.3,0.0,STABLE
2026-08-27 16:30:25,263.0,1.285,28.897,2.89,17.3,0.0,STABLE
2026-08-27 16:30:26,263.0,1.285,28.897,2.89,17.3,0.0,STABLE
2026-08-27 16:30:27,262.0,1.281,29.046,2.905,17.21,-0.09,STABLE
2026-08-27 16:30:28,262.0,1.281,29.046,2.905,17.21,0.0,STABLE
2026-08-27 16:30:29,262.0,1.281,29.046,2.905,17.21,0.0,STABLE
2026-08-27 16:30:30,262.0,1.281,29.046,2.905,17.21,0.0,STABLE
2026-08-27 16:30:31,262.0,1.281,29.046,2.905,17.21,0.0,STABLE
2026-08-27 16:30:32,263.0,1.285,28.897,2.89,17.3,0.09,STABLE
2026-08-27 16:30:33,264.0,1.29,28.75,2.875,17.39,0.09,STABLE
2026-08-27 16:30:34,264.0,1.29,28.75,2.875,17.39,0.0,STABLE
2026-08-27 16:30:35,264.0,1.29,28.75,2.875,17.39,0.0,STABLE
2026-08-27 16:30:36,264.0,1.29,28.75,2.875,17.39,0.0,STABLE
2026-08-27 16:30:37,264.0,1.29,28.75,2.875,17.39,0.0,STABLE
2026-08-27 16:30:38,264.0,1.29,28.75,2.875,17.39,0.0,STABLE
2026-08-27 16:30:39,266.0,1.3,28.459,2.846,17.57,0.18,STABLE
2026-08-27 16:30:40,263.0,1.285,28.897,2.89,17.3,-0.27,STABLE
2026-08-27 16:30:41,262.0,1.281,29.046,2.905,17.21,-0.09,STABLE
2026-08-27 16:30:42,263.0,1.285,28.897,2.89,17.3,0.09,STABLE
2026-08-27 16:30:43,263.0,1.285,28.897,2.89,17.3,0.0,STABLE
2026-08-27 16:30:44,263.0,1.285,28.897,2.89,17.3,0.0,STABLE
2026-08-27 16:30:45,264.0,1.29,28.75,2.875,17.39,0.09,STABLE
2026-08-27 16:30:46,264.0,1.29,28.75,2.875,17.39,0.0,STABLE
2026-08-27 16:30:47,264.0,1.29,28.75,2.875,17.39,0.0,STABLE
2026-08-27 16:30:48,264.0,1.29,28.75,2.875,17.39,0.0,STABLE
2026-08-27 16:30:49,265.0,1.295,28.604,2.86,17.48,0.09,STABLE
2026-08-27 16:30:50,263.0,1.285,28.897,2.89,17.3,-0.18,STABLE
2026-08-27 16:30:51,262.0,1.281,29.046,2.905,17.21,-0.09,STABLE
2026-08-27 16:30:52,262.0,1.281,29.046,2.905,17.21,0.0,STABLE
2026-08-27 16:30:53,261.0,1.276,29.195,2.92,17.13,-0.09,STABLE
2026-08-27 16:30:54,261.0,1.276,29.195,2.92,17.13,0.0,STABLE
2026-08-27 16:30:55,260.0,1.271,29.346,2.935,17.04,-0.09,STABLE
2026-08-27 16:30:56,260.0,1.271,29.346,2.935,17.04,0.0,STABLE
2026-08-27 16:30:57,260.0,1.271,29.346,2.935,17.04,0.0,STABLE
2026-08-27 16:30:58,260.0,1.271,29.346,2.935,17.04,0.0,STABLE
2026-08-27 16:30:59,259.0,1.266,29.498,2.95,16.95,-0.09,STABLE
2026-08-27 16:31:00,259.0,1.266,29.498,2.95,16.95,0.0,STABLE
2026-08-27 16:31:01,259.0,1.266,29.498,2.95,16.95,0.0,STABLE
2026-08-27 16:31:02,261.0,1.276,29.195,2.92,17.13,0.18,STABLE
2026-08-27 16:31:03,261.0,1.276,29.195,2.92,17.13,0.0,STABLE
2026-08-27 16:31:04,262.0,1.281,29.046,2.905,17.21,0.09,STABLE
2026-08-27 16:31:05,262.0,1.281,29.046,2.905,17.21,0.0,STABLE
2026-08-27 16:31:06,262.0,1.281,29.046,2.905,17.21,0.0,STABLE
2026-08-27 16:31:07,262.0,1.281,29.046,2.905,17.21,0.0,STABLE
2026-08-27 16:31:08,261.0,1.276,29.195,2.92,17.13,-0.09,STABLE
2026-08-27 16:31:09,261.0,1.276,29.195,2.92,17.13,0.0,STABLE
2026-08-27 16:31:10,261.0,1.276,29.195,2.92,17.13,0.0,STABLE
2026-08-27 16:31:11,261.0,1.276,29.195,2.92,17.13,0.0,STABLE
2026-08-27 16:31:12,260.0,1.271,29.346,2.935,17.04,-0.09,STABLE
2026-08-27 16:31:13,260.0,1.271,29.346,2.935,17.04,0.0,STABLE
2026-08-27 16:31:14,260.0,1.271,29.346,2.935,17.04,0.0,STABLE
2026-08-27 16:31:15,260.0,1.271,29.346,2.935,17.04,0.0,STABLE
2026-08-27 16:31:16,260.0,1.271,29.346,2.935,17.04,0.0,STABLE
2026-08-27 16:31:17,260.0,1.271,29.346,2.935,17.04,0.0,STABLE
2026-08-27 16:31:18,259.0,1.266,29.498,2.95,16.95,-0.09,STABLE
2026-08-27 16:31:19,259.0,1.266,29.498,2.95,16.95,0.0,STABLE
2026-08-27 16:31:20,260.0,1.271,29.346,2.935,17.04,0.09,STABLE
2026-08-27 16:31:21,259.0,1.266,29.498,2.95,16.95,-0.09,STABLE
2026-08-27 16:31:22,259.0,1.266,29.498,2.95,16.95,0.0,STABLE
2026-08-27 16:31:23,259.0,1.266,29.498,2.95,16.95,0.0,STABLE
2026-08-27 16:31:24,259.0,1.266,29.498,2.95,16.95,0.0,STABLE
2026-08-27 16:31:25,260.0,1.271,29.346,2.935,17.04,0.09,STABLE
2026-08-27 16:31:26,260.0,1.271,29.346,2.935,17.04,0.0,STABLE
2026-08-27 16:31:27,260.0,1.271,29.346,2.935,17.04,0.0,STABLE
2026-08-27 16:31:28,259.0,1.266,29.498,2.95,16.95,-0.09,STABLE
2026-08-27 16:31:29,259.0,1.266,29.498,2.95,16.95,0.0,STABLE
2026-08-27 16:31:30,259.0,1.266,29.498,2.95,16.95,0.0,STABLE
2026-08-27 16:31:31,259.0,1.266,29.498,2.95,16.95,0.0,STABLE
2026-08-27 16:31:32,259.0,1.266,29.498,2.95,16.95,0.0,STABLE
2026-08-27 16:31:33,258.0,1.261,29.651,2.965,16.86,-0.09,STABLE
2026-08-27 16:31:34,259.0,1.266,29.498,2.95,16.95,0.09,STABLE
2026-08-27 16:31:35,259.0,1.266,29.498,2.95,16.95,0.0,STABLE
2026-08-27 16:31:36,259.0,1.266,29.498,2.95,16.95,0.0,STABLE
2026-08-27 16:31:37,259.0,1.266,29.498,2.95,16.95,0.0,STABLE
2026-08-27 16:31:38,259.0,1.266,29.498,2.95,16.95,0.0,STABLE
2026-08-27 16:31:39,259.0,1.266,29.498,2.95,16.95,0.0,STABLE
2026-08-27 16:31:40,259.0,1.266,29.498,2.95,16.95,0.0,STABLE
2026-08-27 16:31:41,258.0,1.261,29.651,2.965,16.86,-0.09,STABLE
2026-08-27 16:31:42,258.0,1.261,29.651,2.965,16.86,0.0,STABLE
2026-08-27 16:31:43,258.0,1.261,29.651,2.965,16.86,0.0,STABLE
2026-08-27 16:31:44,258.0,1.261,29.651,2.965,16.86,0.0,STABLE
2026-08-27 16:31:45,257.0,1.256,29.805,2.981,16.78,-0.09,STABLE
2026-08-27 16:31:46,257.0,1.256,29.805,2.981,16.78,0.0,STABLE
2026-08-27 16:31:47,257.0,1.256,29.805,2.981,16.78,0.0,STABLE
2026-08-27 16:31:48,257.0,1.256,29.805,2.981,16.78,0.0,STABLE
2026-08-27 16:31:49,257.0,1.256,29.805,2.981,16.78,0.0,STABLE
2026-08-27 16:31:50,257.0,1.256,29.805,2.981,16.78,0.0,STABLE
2026-08-27 16:31:51,257.0,1.256,29.805,2.981,16.78,0.0,STABLE
2026-08-27 16:31:52,257.0,1.256,29.805,2.981,16.78,0.0,STABLE
2026-08-27 16:31:53,258.0,1.261,29.651,2.965,16.86,0.09,STABLE
2026-08-27 16:31:54,258.0,1.261,29.651,2.965,16.86,0.0,STABLE
2026-08-27 16:31:55,257.0,1.256,29.805,2.981,16.78,-0.09,STABLE
2026-08-27 16:31:56,257.0,1.256,29.805,2.981,16.78,0.0,STABLE
2026-08-27 16:31:57,257.0,1.256,29.805,2.981,16.78,0.0,STABLE
2026-08-27 16:31:58,257.0,1.256,29.805,2.981,16.78,0.0,STABLE
2026-08-27 16:31:59,257.0,1.256,29.805,2.981,16.78,0.0,STABLE
2026-08-27 16:32:00,257.0,1.256,29.805,2.981,16.78,0.0,STABLE
2026-08-27 16:32:01,256.0,1.251,29.961,2.996,16.69,-0.09,STABLE
2026-08-27 16:32:02,257.0,1.256,29.805,2.981,16.78,0.09,STABLE
2026-08-27 16:32:03,257.0,1.256,29.805,2.981,16.78,0.0,STABLE
2026-08-27 16:32:04,258.0,1.261,29.651,2.965,16.86,0.09,STABLE
2026-08-27 16:32:05,257.0,1.256,29.805,2.981,16.78,-0.09,STABLE
2026-08-27 16:32:06,258.0,1.261,29.651,2.965,16.86,0.09,STABLE
2026-08-27 16:32:07,258.0,1.261,29.651,2.965,16.86,0.0,STABLE
2026-08-27 16:32:08,258.0,1.261,29.651,2.965,16.86,0.0,STABLE
2026-08-27 16:32:09,258.0,1.261,29.651,2.965,16.86,0.0,STABLE
2026-08-27 16:32:10,258.0,1.261,29.651,2.965,16.86,0.0,STABLE
2026-08-27 16:32:11,258.0,1.261,29.651,2.965,16.86,0.0,STABLE
2026-08-27 16:32:12,257.0,1.256,29.805,2.981,16.78,-0.09,STABLE
2026-08-27 16:32:13,257.0,1.256,29.805,2.981,16.78,0.0,STABLE
2026-08-27 16:32:14,257.0,1.256,29.805,2.981,16.78,0.0,STABLE
2026-08-27 16:32:15,256.0,1.251,29.961,2.996,16.69,-0.09,STABLE
2026-08-27 16:32:16,256.0,1.251,29.961,2.996,16.69,0.0,STABLE
2026-08-27 16:32:17,256.0,1.251,29.961,2.996,16.69,0.0,STABLE
2026-08-27 16:32:18,256.0,1.251,29.961,2.996,16.69,0.0,STABLE
2026-08-27 16:32:19,256.0,1.251,29.961,2.996,16.69,0.0,STABLE
2026-08-27 16:32:20,256.0,1.251,29.961,2.996,16.69,0.0,STABLE
2026-08-27 16:32:21,256.0,1.251,29.961,2.996,16.69,0.0,STABLE
2026-08-27 16:32:22,255.0,1.246,30.118,3.012,16.6,-0.09,STABLE
2026-08-27 16:32:23,255.0,1.246,30.118,3.012,16.6,0.0,STABLE
2026-08-27 16:32:24,256.0,1.251,29.961,2.996,16.69,0.09,STABLE
2026-08-27 16:32:25,256.0,1.251,29.961,2.996,16.69,0.0,STABLE
2026-08-27 16:32:26,257.0,1.256,29.805,2.981,16.78,0.09,STABLE
2026-08-27 16:32:27,257.0,1.256,29.805,2.981,16.78,0.0,STABLE
2026-08-27 16:32:28,256.0,1.251,29.961,2.996,16.69,-0.09,STABLE
2026-08-27 16:32:29,256.0,1.251,29.961,2.996,16.69,0.0,STABLE
2026-08-27 16:32:30,256.0,1.251,29.961,2.996,16.69,0.0,STABLE
2026-08-27 16:32:31,255.0,1.246,30.118,3.012,16.6,-0.09,STABLE
2026-08-27 16:32:32,255.0,1.246,30.118,3.012,16.6,0.0,STABLE
2026-08-27 16:32:33,254.0,1.241,30.276,3.028,16.51,-0.09,STABLE
2026-08-27 16:32:34,254.0,1.241,30.276,3.028,16.51,0.0,STABLE
2026-08-27 16:32:35,254.0,1.241,30.276,3.028,16.51,0.0,STABLE
2026-08-27 16:32:36,254.0,1.241,30.276,3.028,16.51,0.0,STABLE
2026-08-27 16:32:37,253.0,1.237,30.435,3.043,16.43,-0.09,STABLE
2026-08-27 16:32:38,254.0,1.241,30.276,3.028,16.51,0.09,STABLE
2026-08-27 16:32:39,254.0,1.241,30.276,3.028,16.51,0.0,STABLE
2026-08-27 16:32:40,254.0,1.241,30.276,3.028,16.51,0.0,STABLE
2026-08-27 16:32:41,254.0,1.241,30.276,3.028,16.51,0.0,STABLE
2026-08-27 16:32:42,254.0,1.241,30.276,3.028,16.51,0.0,STABLE
2026-08-27 16:32:43,253.0,1.237,30.435,3.043,16.43,-0.09,STABLE
2026-08-27 16:32:44,253.0,1.237,30.435,3.043,16.43,0.0,STABLE
2026-08-27 16:32:45,253.0,1.237,30.435,3.043,16.43,0.0,STABLE
2026-08-27 16:32:46,252.0,1.232,30.595,3.06,16.34,-0.09,STABLE
2026-08-27 16:32:47,252.0,1.232,30.595,3.06,16.34,0.0,STABLE
2026-08-27 16:32:48,252.0,1.232,30.595,3.06,16.34,0.0,STABLE
2026-08-27 16:32:49,252.0,1.232,30.595,3.06,16.34,0.0,STABLE
2026-08-27 16:32:50,252.0,1.232,30.595,3.06,16.34,0.0,STABLE
2026-08-27 16:32:51,252.0,1.232,30.595,3.06,16.34,0.0,STABLE
2026-08-27 16:32:52,252.0,1.232,30.595,3.06,16.34,0.0,STABLE
2026-08-27 16:32:53,252.0,1.232,30.595,3.06,16.34,0.0,STABLE
2026-08-27 16:32:54,252.0,1.232,30.595,3.06,16.34,0.0,STABLE
2026-08-27 16:32:55,252.0,1.232,30.595,3.06,16.34,0.0,STABLE
2026-08-27 16:32:56,253.0,1.237,30.435,3.043,16.43,0.09,STABLE
2026-08-27 16:32:57,253.0,1.237,30.435,3.043,16.43,0.0,STABLE
2026-08-27 16:32:58,253.0,1.237,30.435,3.043,16.43,0.0,STABLE
2026-08-27 16:32:59,252.0,1.232,30.595,3.06,16.34,-0.09,STABLE
2026-08-27 16:33:00,252.0,1.232,30.595,3.06,16.34,0.0,STABLE
2026-08-27 16:33:01,252.0,1.232,30.595,3.06,16.34,0.0,STABLE
2026-08-27 16:33:02,252.0,1.232,30.595,3.06,16.34,0.0,STABLE
2026-08-27 16:33:03,252.0,1.232,30.595,3.06,16.34,0.0,STABLE
2026-08-27 16:33:04,252.0,1.232,30.595,3.06,16.34,0.0,STABLE
2026-08-27 16:33:05,253.0,1.237,30.435,3.043,16.43,0.09,STABLE
2026-08-27 16:33:06,253.0,1.237,30.435,3.043,16.43,0.0,STABLE
2026-08-27 16:33:07,252.0,1.232,30.595,3.06,16.34,-0.09,STABLE
2026-08-27 16:33:08,253.0,1.237,30.435,3.043,16.43,0.09,STABLE
2026-08-27 16:33:09,252.0,1.232,30.595,3.06,16.34,-0.09,STABLE
2026-08-27 16:33:10,253.0,1.237,30.435,3.043,16.43,0.09,STABLE
2026-08-27 16:33:11,253.0,1.237,30.435,3.043,16.43,0.0,STABLE
2026-08-27 16:33:12,253.0,1.237,30.435,3.043,16.43,0.0,STABLE
2026-08-27 16:33:13,252.0,1.232,30.595,3.06,16.34,-0.09,STABLE
2026-08-27 16:33:14,253.0,1.237,30.435,3.043,16.43,0.09,STABLE
2026-08-27 16:33:15,252.0,1.232,30.595,3.06,16.34,-0.09,STABLE
2026-08-27 16:33:16,252.0,1.232,30.595,3.06,16.34,0.0,STABLE
2026-08-27 16:33:17,252.0,1.232,30.595,3.06,16.34,0.0,STABLE
2026-08-27 16:33:18,252.0,1.232,30.595,3.06,16.34,0.0,STABLE
2026-08-27 16:33:19,252.0,1.232,30.595,3.06,16.34,0.0,STABLE
2026-08-27 16:33:20,252.0,1.232,30.595,3.06,16.34,0.0,STABLE
2026-08-27 16:33:21,252.0,1.232,30.595,3.06,16.34,0.0,STABLE
2026-08-27 16:33:22,251.0,1.227,30.757,3.076,16.26,-0.09,STABLE
2026-08-27 16:33:23,252.0,1.232,30.595,3.06,16.34,0.09,STABLE
2026-08-27 16:33:24,251.0,1.227,30.757,3.076,16.26,-0.09,STABLE
2026-08-27 16:33:25,251.0,1.227,30.757,3.076,16.26,0.0,STABLE
2026-08-27 16:33:26,250.0,1.222,30.92,3.092,16.17,-0.09,STABLE
2026-08-27 16:33:27,250.0,1.222,30.92,3.092,16.17,0.0,STABLE
2026-08-27 16:33:28,250.0,1.222,30.92,3.092,16.17,0.0,STABLE
2026-08-27 16:33:29,250.0,1.222,30.92,3.092,16.17,0.0,STABLE
2026-08-27 16:33:30,250.0,1.222,30.92,3.092,16.17,0.0,STABLE
2026-08-27 16:33:31,250.0,1.222,30.92,3.092,16.17,0.0,STABLE
2026-08-27 16:33:32,249.0,1.217,31.084,3.108,16.09,-0.09,STABLE
2026-08-27 16:33:33,249.0,1.217,31.084,3.108,16.09,0.0,STABLE
2026-08-27 16:33:34,249.0,1.217,31.084,3.108,16.09,0.0,STABLE
2026-08-27 16:33:35,249.0,1.217,31.084,3.108,16.09,0.0,STABLE
2026-08-27 16:33:36,249.0,1.217,31.084,3.108,16.09,0.0,STABLE
2026-08-27 16:33:37,249.0,1.217,31.084,3.108,16.09,0.0,STABLE
2026-08-27 16:33:38,249.0,1.217,31.084,3.108,16.09,0.0,STABLE
2026-08-27 16:33:39,249.0,1.217,31.084,3.108,16.09,0.0,STABLE
2026-08-27 16:33:40,249.0,1.217,31.084,3.108,16.09,0.0,STABLE
2026-08-27 16:33:41,249.0,1.217,31.084,3.108,16.09,0.0,STABLE
2026-08-27 16:33:42,250.0,1.222,30.92,3.092,16.17,0.09,STABLE
2026-08-27 16:33:43,250.0,1.222,30.92,3.092,16.17,0.0,STABLE
2026-08-27 16:33:44,250.0,1.222,30.92,3.092,16.17,0.0,STABLE
2026-08-27 16:33:45,250.0,1.222,30.92,3.092,16.17,0.0,STABLE
2026-08-27 16:33:46,251.0,1.227,30.757,3.076,16.26,0.09,STABLE
2026-08-27 16:33:47,251.0,1.227,30.757,3.076,16.26,0.0,STABLE
2026-08-27 16:33:48,251.0,1.227,30.757,3.076,16.26,0.0,STABLE
2026-08-27 16:33:49,251.0,1.227,30.757,3.076,16.26,0.0,STABLE
2026-08-27 16:33:50,251.0,1.227,30.757,3.076,16.26,0.0,STABLE
2026-08-27 16:33:51,252.0,1.232,30.595,3.06,16.34,0.09,STABLE
2026-08-27 16:33:52,253.0,1.237,30.435,3.043,16.43,0.09,STABLE
2026-08-27 16:33:53,253.0,1.237,30.435,3.043,16.43,0.0,STABLE
2026-08-27 16:33:54,252.0,1.232,30.595,3.06,16.34,-0.09,STABLE
2026-08-27 16:33:55,253.0,1.237,30.435,3.043,16.43,0.09,STABLE
2026-08-27 16:33:56,252.0,1.232,30.595,3.06,16.34,-0.09,STABLE
2026-08-27 16:33:57,252.0,1.232,30.595,3.06,16.34,0.0,STABLE
2026-08-27 16:33:58,252.0,1.232,30.595,3.06,16.34,0.0,STABLE
2026-08-27 16:33:59,252.0,1.232,30.595,3.06,16.34,0.0,STABLE
2026-08-27 16:34:00,252.0,1.232,30.595,3.06,16.34,0.0,STABLE
2026-08-27 16:34:01,252.0,1.232,30.595,3.06,16.34,0.0,STABLE
2026-08-27 16:34:02,251.0,1.227,30.757,3.076,16.26,-0.09,STABLE
2026-08-27 16:34:03,251.0,1.227,30.757,3.076,16.26,0.0,STABLE
2026-08-27 16:34:04,250.0,1.222,30.92,3.092,16.17,-0.09,STABLE
2026-08-27 16:34:05,250.0,1.222,30.92,3.092,16.17,0.0,STABLE
2026-08-27 16:34:06,250.0,1.222,30.92,3.092,16.17,0.0,STABLE
2026-08-27 16:34:07,249.0,1.217,31.084,3.108,16.09,-0.09,STABLE
2026-08-27 16:34:08,249.0,1.217,31.084,3.108,16.09,0.0,STABLE
2026-08-27 16:34:09,249.0,1.217,31.084,3.108,16.09,0.0,STABLE
2026-08-27 16:34:10,249.0,1.217,31.084,3.108,16.09,0.0,STABLE
2026-08-27 16:34:11,249.0,1.217,31.084,3.108,16.09,0.0,STABLE
2026-08-27 16:34:12,249.0,1.217,31.084,3.108,16.09,0.0,STABLE
2026-08-27 16:34:13,248.0,1.212,31.25,3.125,16.0,-0.09,STABLE
2026-08-27 16:34:14,249.0,1.217,31.084,3.108,16.09,0.09,STABLE
2026-08-27 16:34:15,249.0,1.217,31.084,3.108,16.09,0.0,STABLE
2026-08-27 16:34:16,249.0,1.217,31.084,3.108,16.09,0.0,STABLE
2026-08-27 16:34:17,249.0,1.217,31.084,3.108,16.09,0.0,STABLE
2026-08-27 16:34:18,249.0,1.217,31.084,3.108,16.09,0.0,STABLE
2026-08-27 16:34:19,248.0,1.212,31.25,3.125,16.0,-0.09,STABLE
2026-08-27 16:34:20,248.0,1.212,31.25,3.125,16.0,0.0,STABLE
2026-08-27 16:34:21,248.0,1.212,31.25,3.125,16.0,0.0,STABLE
2026-08-27 16:34:22,247.0,1.207,31.417,3.142,15.91,-0.09,STABLE
2026-08-27 16:34:23,247.0,1.207,31.417,3.142,15.91,0.0,STABLE
2026-08-27 16:34:24,248.0,1.212,31.25,3.125,16.0,0.09,STABLE
2026-08-27 16:34:25,248.0,1.212,31.25,3.125,16.0,0.0,STABLE
2026-08-27 16:34:26,248.0,1.212,31.25,3.125,16.0,0.0,STABLE
2026-08-27 16:34:27,248.0,1.212,31.25,3.125,16.0,0.0,STABLE
2026-08-27 16:34:28,247.0,1.207,31.417,3.142,15.91,-0.09,STABLE
2026-08-27 16:34:29,247.0,1.207,31.417,3.142,15.91,0.0,STABLE
2026-08-27 16:34:30,247.0,1.207,31.417,3.142,15.91,0.0,STABLE
2026-08-27 16:34:31,247.0,1.207,31.417,3.142,15.91,0.0,STABLE
2026-08-27 16:34:32,247.0,1.207,31.417,3.142,15.91,0.0,STABLE
2026-08-27 16:34:33,247.0,1.207,31.417,3.142,15.91,0.0,STABLE
2026-08-27 16:34:34,247.0,1.207,31.417,3.142,15.91,0.0,STABLE
2026-08-27 16:34:35,247.0,1.207,31.417,3.142,15.91,0.0,STABLE
2026-08-27 16:34:36,246.0,1.202,31.585,3.159,15.83,-0.08,STABLE
2026-08-27 16:34:37,247.0,1.207,31.417,3.142,15.91,0.08,STABLE
2026-08-27 16:34:38,246.0,1.202,31.585,3.159,15.83,-0.08,STABLE
2026-08-27 16:34:39,246.0,1.202,31.585,3.159,15.83,0.0,STABLE
2026-08-27 16:34:40,246.0,1.202,31.585,3.159,15.83,0.0,STABLE
2026-08-27 16:34:41,246.0,1.202,31.585,3.159,15.83,0.0,STABLE
2026-08-27 16:34:42,246.0,1.202,31.585,3.159,15.83,0.0,STABLE
2026-08-27 16:34:43,246.0,1.202,31.585,3.159,15.83,0.0,STABLE
2026-08-27 16:34:44,246.0,1.202,31.585,3.159,15.83,0.0,STABLE
2026-08-27 16:34:45,246.0,1.202,31.585,3.159,15.83,0.0,STABLE
2026-08-27 16:34:46,246.0,1.202,31.585,3.159,15.83,0.0,STABLE
2026-08-27 16:34:47,246.0,1.202,31.585,3.159,15.83,0.0,STABLE
2026-08-27 16:34:48,246.0,1.202,31.585,3.159,15.83,0.0,STABLE
2026-08-27 16:34:49,247.0,1.207,31.417,3.142,15.91,0.08,STABLE
2026-08-27 16:34:50,247.0,1.207,31.417,3.142,15.91,0.0,STABLE
2026-08-27 16:34:51,247.0,1.207,31.417,3.142,15.91,0.0,STABLE
2026-08-27 16:34:52,247.0,1.207,31.417,3.142,15.91,0.0,STABLE
2026-08-27 16:34:53,247.0,1.207,31.417,3.142,15.91,0.0,STABLE
2026-08-27 16:34:54,246.0,1.202,31.585,3.159,15.83,-0.08,STABLE
2026-08-27 16:34:55,247.0,1.207,31.417,3.142,15.91,0.08,STABLE
2026-08-27 16:34:56,247.0,1.207,31.417,3.142,15.91,0.0,STABLE
2026-08-27 16:34:57,247.0,1.207,31.417,3.142,15.91,0.0,STABLE
2026-08-27 16:34:58,247.0,1.207,31.417,3.142,15.91,0.0,STABLE
2026-08-27 16:34:59,247.0,1.207,31.417,3.142,15.91,0.0,STABLE
2026-08-27 16:35:00,246.0,1.202,31.585,3.159,15.83,-0.08,STABLE
2026-08-27 16:35:01,246.0,1.202,31.585,3.159,15.83,0.0,STABLE
2026-08-27 16:35:02,246.0,1.202,31.585,3.159,15.83,0.0,STABLE
2026-08-27 16:35:03,246.0,1.202,31.585,3.159,15.83,0.0,STABLE
2026-08-27 16:35:04,246.0,1.202,31.585,3.159,15.83,0.0,STABLE
2026-08-27 16:35:05,245.0,1.197,31.755,3.176,15.75,-0.08,STABLE
2026-08-27 16:35:06,245.0,1.197,31.755,3.176,15.75,0.0,STABLE
2026-08-27 16:35:07,245.0,1.197,31.755,3.176,15.75,0.0,STABLE
2026-08-27 16:35:08,245.0,1.197,31.755,3.176,15.75,0.0,STABLE
2026-08-27 16:35:09,245.0,1.197,31.755,3.176,15.75,0.0,STABLE
2026-08-27 16:35:10,245.0,1.197,31.755,3.176,15.75,0.0,STABLE
2026-08-27 16:35:11,245.0,1.197,31.755,3.176,15.75,0.0,STABLE
2026-08-27 16:35:12,245.0,1.197,31.755,3.176,15.75,0.0,STABLE
2026-08-27 16:35:13,246.0,1.202,31.585,3.159,15.83,0.08,STABLE
2026-08-27 16:35:14,246.0,1.202,31.585,3.159,15.83,0.0,STABLE
2026-08-27 16:35:15,246.0,1.202,31.585,3.159,15.83,0.0,STABLE
2026-08-27 16:35:16,246.0,1.202,31.585,3.159,15.83,0.0,STABLE
2026-08-27 16:35:17,245.0,1.197,31.755,3.176,15.75,-0.08,STABLE
2026-08-27 16:35:18,246.0,1.202,31.585,3.159,15.83,0.08,STABLE
2026-08-27 16:35:19,246.0,1.202,31.585,3.159,15.83,0.0,STABLE
2026-08-27 16:35:20,246.0,1.202,31.585,3.159,15.83,0.0,STABLE
2026-08-27 16:35:21,245.0,1.197,31.755,3.176,15.75,-0.08,STABLE
2026-08-27 16:35:22,245.0,1.197,31.755,3.176,15.75,0.0,STABLE
2026-08-27 16:35:23,245.0,1.197,31.755,3.176,15.75,0.0,STABLE
2026-08-27 16:35:24,245.0,1.197,31.755,3.176,15.75,0.0,STABLE
2026-08-27 16:35:25,244.0,1.193,31.926,3.193,15.66,-0.08,STABLE
2026-08-27 16:35:26,244.0,1.193,31.926,3.193,15.66,0.0,STABLE
2026-08-27 16:35:27,244.0,1.193,31.926,3.193,15.66,0.0,STABLE
2026-08-27 16:35:28,243.0,1.188,32.099,3.21,15.58,-0.08,STABLE
2026-08-27 16:35:29,243.0,1.188,32.099,3.21,15.58,0.0,STABLE
2026-08-27 16:35:30,243.0,1.188,32.099,3.21,15.58,0.0,STABLE
2026-08-27 16:35:31,243.0,1.188,32.099,3.21,15.58,0.0,STABLE
2026-08-27 16:35:32,242.0,1.183,32.273,3.227,15.49,-0.08,STABLE
2026-08-27 16:35:33,242.0,1.183,32.273,3.227,15.49,0.0,STABLE
2026-08-27 16:35:34,244.0,1.193,31.926,3.193,15.66,0.17,STABLE
2026-08-27 16:35:35,244.0,1.193,31.926,3.193,15.66,0.0,STABLE
2026-08-27 16:35:36,245.0,1.197,31.755,3.176,15.75,0.08,STABLE
2026-08-27 16:35:37,245.0,1.197,31.755,3.176,15.75,0.0,STABLE
2026-08-27 16:35:38,245.0,1.197,31.755,3.176,15.75,0.0,STABLE
2026-08-27 16:35:39,244.0,1.193,31.926,3.193,15.66,-0.08,STABLE
2026-08-27 16:35:40,244.0,1.193,31.926,3.193,15.66,0.0,STABLE
2026-08-27 16:35:41,244.0,1.193,31.926,3.193,15.66,0.0,STABLE
2026-08-27 16:35:42,244.0,1.193,31.926,3.193,15.66,0.0,STABLE
2026-08-27 16:35:43,244.0,1.193,31.926,3.193,15.66,0.0,STABLE
2026-08-27 16:35:44,244.0,1.193,31.926,3.193,15.66,0.0,STABLE
2026-08-27 16:35:45,244.0,1.193,31.926,3.193,15.66,0.0,STABLE
2026-08-27 16:35:46,244.0,1.193,31.926,3.193,15.66,0.0,STABLE
2026-08-27 16:35:47,244.0,1.193,31.926,3.193,15.66,0.0,STABLE
2026-08-27 16:35:48,244.0,1.193,31.926,3.193,15.66,0.0,STABLE
2026-08-27 16:35:49,244.0,1.193,31.926,3.193,15.66,0.0,STABLE
2026-08-27 16:35:50,244.0,1.193,31.926,3.193,15.66,0.0,STABLE
2026-08-27 16:35:51,244.0,1.193,31.926,3.193,15.66,0.0,STABLE
2026-08-27 16:35:52,243.0,1.188,32.099,3.21,15.58,-0.08,STABLE
2026-08-27 16:35:53,243.0,1.188,32.099,3.21,15.58,0.0,STABLE
2026-08-27 16:35:54,243.0,1.188,32.099,3.21,15.58,0.0,STABLE
2026-08-27 16:35:55,243.0,1.188,32.099,3.21,15.58,0.0,STABLE
2026-08-27 16:35:56,243.0,1.188,32.099,3.21,15.58,0.0,STABLE
2026-08-27 16:35:57,243.0,1.188,32.099,3.21,15.58,0.0,STABLE
2026-08-27 16:35:58,243.0,1.188,32.099,3.21,15.58,0.0,STABLE
2026-08-27 16:35:59,244.0,1.193,31.926,3.193,15.66,0.08,STABLE
2026-08-27 16:36:00,244.0,1.193,31.926,3.193,15.66,0.0,STABLE
2026-08-27 16:36:01,244.0,1.193,31.926,3.193,15.66,0.0,STABLE
2026-08-27 16:36:02,244.0,1.193,31.926,3.193,15.66,0.0,STABLE
2026-08-27 16:36:03,244.0,1.193,31.926,3.193,15.66,0.0,STABLE
2026-08-27 16:36:04,244.0,1.193,31.926,3.193,15.66,0.0,STABLE
2026-08-27 16:36:05,244.0,1.193,31.926,3.193,15.66,0.0,STABLE
2026-08-27 16:36:06,244.0,1.193,31.926,3.193,15.66,0.0,STABLE
2026-08-27 16:36:07,244.0,1.193,31.926,3.193,15.66,0.0,STABLE
2026-08-27 16:36:08,245.0,1.197,31.755,3.176,15.75,0.08,STABLE
2026-08-27 16:36:09,245.0,1.197,31.755,3.176,15.75,0.0,STABLE
2026-08-27 16:36:10,244.0,1.193,31.926,3.193,15.66,-0.08,STABLE
2026-08-27 16:36:11,245.0,1.197,31.755,3.176,15.75,0.08,STABLE
2026-08-27 16:36:12,245.0,1.197,31.755,3.176,15.75,0.0,STABLE
2026-08-27 16:36:13,245.0,1.197,31.755,3.176,15.75,0.0,STABLE
2026-08-27 16:36:14,245.0,1.197,31.755,3.176,15.75,0.0,STABLE
2026-08-27 16:36:15,245.0,1.197,31.755,3.176,15.75,0.0,STABLE
2026-08-27 16:36:16,245.0,1.197,31.755,3.176,15.75,0.0,STABLE
2026-08-27 16:36:17,245.0,1.197,31.755,3.176,15.75,0.0,STABLE
2026-08-27 16:36:18,245.0,1.197,31.755,3.176,15.75,0.0,STABLE
2026-08-27 16:36:19,245.0,1.197,31.755,3.176,15.75,0.0,STABLE
2026-08-27 16:36:20,244.0,1.193,31.926,3.193,15.66,-0.08,STABLE
2026-08-27 16:36:21,244.0,1.193,31.926,3.193,15.66,0.0,STABLE
2026-08-27 16:36:22,244.0,1.193,31.926,3.193,15.66,0.0,STABLE
