Timestamp,Raw_ADC,Voltage,Rs_kOhm,Rs_R0,Gas_Index,Delta_Index,Trend,Experiment,Flower
2026-08-27 16:29:18,268.0,1.31,28.172,2.817,17.75,17.75,INCREASING,Baseline,None
2026-08-27 16:29:19,268.0,1.31,28.172,2.817,17.75,0.0,STABLE,Baseline,None
2026-08-27 16:29:20,267.0,1.305,28.315,2.831,17.66,-0.09,STABLE,Baseline,None
2026-08-27 16:29:21,267.0,1.305,28.315,2.831,17.66,0.0,STABLE,Baseline,None
2026-08-27 16:29:22,267.0,1.305,28.315,2.831,17.66,0.0,STABLE,Baseline,None
2026-08-27 16:29:23,267.0,1.305,28.315,2.831,17.66,0.0,STABLE,Baseline,None
2026-08-27 16:29:24,267.0,1.305,28.315,2.831,17.66,0.0,STABLE,Baseline,None
2026-08-27 16:29:25,267.0,1.305,28.315,2.831,17.66,0.0,STABLE,Baseline,None
2026-08-27 16:29:26,266.0,1.3,28.459,2.846,17.57,-0.09,STABLE,Baseline,None
2026-08-27 16:29:27,267.0,1.305,28.315,2.831,17.66,0.09,STABLE,Baseline,None
2026-08-27 16:29:28,266.0,1.3,28.459,2.846,17.57,-0.09,STABLE,Baseline,None
2026-08-27 16:29:29,266.0,1.3,28.459,2.846,17.57,0.0,STABLE,Baseline,None
2026-08-27 16:29:30,266.0,1.3,28.459,2.846,17.57,0.0,STABLE,Baseline,None
2026-08-27 16:29:31,266.0,1.3,28.459,2.846,17.57,0.0,STABLE,Baseline,None
2026-08-27 16:29:32,266.0,1.3,28.459,2.846,17.57,0.0,STABLE,Baseline,None
2026-08-27 16:29:33,265.0,1.295,28.604,2.86,17.48,-0.09,STABLE,Baseline,None
2026-08-27 16:29:34,265.0,1.295,28.604,2.86,17.48,0.0,STABLE,Baseline,None
2026-08-27 16:29:35,265.0,1.295,28.604,2.86,17.48,0.0,STABLE,Baseline,None
2026-08-27 16:29:36,265.0,1.295,28.604,2.86,17.48,0.0,STABLE,Baseline,None
2026-08-27 16:29:37,265.0,1.295,28.604,2.86,17.48,0.0,STABLE,Baseline,None
2026-08-27 16:29:38,265.0,1.295,28.604,2.86,17.48,0.0,STABLE,Baseline,None
2026-08-27 16:29:39,264.0,1.29,28.75,2.875,17.39,-0.09,STABLE,Baseline,None
2026-08-27 16:29:40,264.0,1.29,28.75,2.875,17.39,0.0,STABLE,Baseline,None
2026-08-27 16:29:41,264.0,1.29,28.75,2.875,17.39,0.0,STABLE,Baseline,None
2026-08-27 16:29:42,264.0,1.29,28.75,2.875,17.39,0.0,STABLE,Baseline,None
2026-08-27 16:29:43,264.0,1.29,28.75,2.875,17.39,0.0,STABLE,Baseline,None
2026-08-27 16:29:44,264.0,1.29,28.75,2.875,17.39,0.0,STABLE,Baseline,None
2026-08-27 16:29:45,263.0,1.285,28.897,2.89,17.3,-0.09,STABLE,Baseline,None
2026-08-27 16:29:46,263.0,1.285,28.897,2.89,17.3,0.0,STABLE,Baseline,None
2026-08-27 16:29:47,263.0,1.285,28.897,2.89,17.3,0.0,STABLE,Baseline,None
2026-08-27 16:29:48,263.0,1.285,28.897,2.89,17.3,0.0,STABLE,Baseline,None
2026-08-27 16:29:49,263.0,1.285,28.897,2.89,17.3,0.0,STABLE,Baseline,None
2026-08-27 16:29:50,263.0,1.285,28.897,2.89,17.3,0.0,STABLE,Baseline,None
2026-08-27 16:29:51,264.0,1.29,28.75,2.875,17.39,0.09,STABLE,Baseline,None
2026-08-27 16:29:52,264.0,1.29,28.75,2.875,17.39,0.0,STABLE,Baseline,None
2026-08-27 16:29:53,264.0,1.29,28.75,2.875,17.39,0.0,STABLE,Baseline,None
2026-08-27 16:29:54,264.0,1.29,28.75,2.875,17.39,0.0,STABLE,Baseline,None
2026-08-27 16:29:55,264.0,1.29,28.75,2.875,17.39,0.0,STABLE,Baseline,None
2026-08-27 16:29:56,264.0,1.29,28.75,2.875,17.39,0.0,STABLE,Baseline,None
2026-08-27 16:29:57,263.0,1.285,28.897,2.89,17.3,-0.09,STABLE,Baseline,None
2026-08-27 16:29:58,263.0,1.285,28.897,2.89,17.3,0.0,STABLE,Baseline,None
2026-08-27 16:29:59,263.0,1.285,28.897,2.89,17.3,0.0,STABLE,Baseline,None
2026-08-27 16:30:00,263.0,1.285,28.897,2.89,17.3,0.0,STABLE,Baseline,None
2026-08-27 16:30:01,263.0,1.285,28.897,2.89,17.3,0.0,STABLE,Baseline,None
2026-08-27 16:30:02,263.0,1.285,28.897,2.89,17.3,0.0,STABLE,Baseline,None
2026-08-27 16:30:03,264.0,1.29,28.75,2.875,17.39,0.09,STABLE,Baseline,None
2026-08-27 16:30:04,264.0,1.29,28.75,2.875,17.39,0.0,STABLE,Baseline,None
2026-08-27 16:30:05,264.0,1.29,28.75,2.875,17.39,0.0,STABLE,Baseline,None
2026-08-27 16:30:06,264.0,1.29,28.75,2.875,17.39,0.0,STABLE,Baseline,None
2026-08-27 16:30:07,264.0,1.29,28.75,2.875,17.39,0.0,STABLE,Baseline,None
2026-08-27 16:30:08,264.0,1.29,28.75,2.875,17.39,0.0,STABLE,Baseline,None
2026-08-27 16:30:09,263.0,1.285,28.897,2.89,17.3,-0.09,STABLE,Baseline,None
2026-08-27 16:30:10,263.0,1.285,28.897,2.89,17.3,0.0,STABLE,Baseline,None
2026-08-27 16:30:11,262.0,1.281,29.046,2.905,17.21,-0.09,STABLE,Baseline,None
2026-08-27 16:30:12,263.0,1.285,28.897,2.89,17.3,0.09,STABLE,Baseline,None
2026-08-27 16:30:13,262.0,1.281,29.046,2.905,17.21,-0.09,STABLE,Baseline,None
2026-08-27 16:30:14,263.0,1.285,28.897,2.89,17.3,0.09,STABLE,Baseline,None
2026-08-27 16:30:15,263.0,1.285,28.897,2.89,17.3,0.0,STABLE,Baseline,None
2026-08-27 16:30:16,263.0,1.285,28.897,2.89,17.3,0.0,STABLE,Baseline,None
2026-08-27 16:30:17,262.0,1.281,29.046,2.905,17.21,-0.09,STABLE,Baseline,None
2026-08-27 16:30:18,263.0,1.285,28.897,2.89,17.3,0.09,STABLE,Baseline,None
2026-08-27 16:30:19,263.0,1.285,28.897,2.89,17.3,0.0,STABLE,Baseline,None
2026-08-27 16:30:20,263.0,1.285,28.897,2.89,17.3,0.0,STABLE,Baseline,None
2026-08-27 16:30:21,263.0,1.285,28.897,2.89,17.3,0.0,STABLE,Baseline,None
2026-08-27 16:30:22,263.0,1.285,28.897,2.89,17.3,0.0,STABLE,Baseline,None
2026-08-27 16:30:23,263.0,1.285,28.897,2.89,17.3,0.0,STABLE,Baseline,None
2026-08-27 16:30:24,263.0,1.285,28.897,2.89,17.3,0.0,STABLE,Baseline,None
2026-08-27 16:30:25,263.0,1.285,28.897,2.89,17.3,0.0,STABLE,Baseline,None
2026-08-27 16:30:26,263.0,1.285,28.897,2.89,17.3,0.0,STABLE,Baseline,None
2026-08-27 16:30:27,262.0,1.281,29.046,2.905,17.21,-0.09,STABLE,Baseline,None
2026-08-27 16:30:28,262.0,1.281,29.046,2.905,17.21,0.0,STABLE,Baseline,None
2026-08-27 16:30:29,262.0,1.281,29.046,2.905,17.21,0.0,STABLE,Baseline,None
2026-08-27 16:30:30,262.0,1.281,29.046,2.905,17.21,0.0,STABLE,Baseline,None
2026-08-27 16:30:31,262.0,1.281,29.046,2.905,17.21,0.0,STABLE,Baseline,None
2026-08-27 16:30:32,263.0,1.285,28.897,2.89,17.3,0.09,STABLE,Baseline,None
2026-08-27 16:30:33,264.0,1.29,28.75,2.875,17.39,0.09,STABLE,Baseline,None
2026-08-27 16:30:34,264.0,1.29,28.75,2.875,17.39,0.0,STABLE,Baseline,None
2026-08-27 16:30:35,264.0,1.29,28.75,2.875,17.39,0.0,STABLE,Baseline,None
2026-08-27 16:30:36,264.0,1.29,28.75,2.875,17.39,0.0,STABLE,Baseline,None
2026-08-27 16:30:37,264.0,1.29,28.75,2.875,17.39,0.0,STABLE,Baseline,None
2026-08-27 16:30:38,264.0,1.29,28.75,2.875,17.39,0.0,STABLE,Baseline,None
2026-08-27 16:30:39,266.0,1.3,28.459,2.846,17.57,0.18,STABLE,Baseline,None
2026-08-27 16:30:40,263.0,1.285,28.897,2.89,17.3,-0.27,STABLE,Baseline,None
2026-08-27 16:30:41,262.0,1.281,29.046,2.905,17.21,-0.09,STABLE,Baseline,None
2026-08-27 16:30:42,263.0,1.285,28.897,2.89,17.3,0.09,STABLE,Baseline,None
2026-08-27 16:30:43,263.0,1.285,28.897,2.89,17.3,0.0,STABLE,Baseline,None
2026-08-27 16:30:44,263.0,1.285,28.897,2.89,17.3,0.0,STABLE,Baseline,None
2026-08-27 16:30:45,264.0,1.29,28.75,2.875,17.39,0.09,STABLE,Baseline,None
2026-08-27 16:30:46,264.0,1.29,28.75,2.875,17.39,0.0,STABLE,Baseline,None
2026-08-27 16:30:47,264.0,1.29,28.75,2.875,17.39,0.0,STABLE,Baseline,None
2026-08-27 16:30:48,264.0,1.29,28.75,2.875,17.39,0.0,STABLE,Baseline,None
2026-08-27 16:30:49,265.0,1.295,28.604,2.86,17.48,0.09,STABLE,Baseline,None
2026-08-27 16:30:50,263.0,1.285,28.897,2.89,17.3,-0.18,STABLE,Baseline,None
2026-08-27 16:30:51,262.0,1.281,29.046,2.905,17.21,-0.09,STABLE,Baseline,None
2026-08-27 16:30:52,262.0,1.281,29.046,2.905,17.21,0.0,STABLE,Baseline,None
2026-08-27 16:30:53,261.0,1.276,29.195,2.92,17.13,-0.09,STABLE,Baseline,None
2026-08-27 16:30:54,261.0,1.276,29.195,2.92,17.13,0.0,STABLE,Baseline,None
2026-08-27 16:30:55,260.0,1.271,29.346,2.935,17.04,-0.09,STABLE,Baseline,None
2026-08-27 16:30:56,260.0,1.271,29.346,2.935,17.04,0.0,STABLE,Baseline,None
2026-08-27 16:30:57,260.0,1.271,29.346,2.935,17.04,0.0,STABLE,Baseline,None
2026-08-27 16:30:58,260.0,1.271,29.346,2.935,17.04,0.0,STABLE,Baseline,None
2026-08-27 16:30:59,259.0,1.266,29.498,2.95,16.95,-0.09,STABLE,Baseline,None
2026-08-27 16:31:00,259.0,1.266,29.498,2.95,16.95,0.0,STABLE,Baseline,None
2026-08-27 16:31:01,259.0,1.266,29.498,2.95,16.95,0.0,STABLE,Baseline,None
2026-08-27 16:31:02,261.0,1.276,29.195,2.92,17.13,0.18,STABLE,Baseline,None
2026-08-27 16:31:03,261.0,1.276,29.195,2.92,17.13,0.0,STABLE,Baseline,None
2026-08-27 16:31:04,262.0,1.281,29.046,2.905,17.21,0.09,STABLE,Baseline,None
2026-08-27 16:31:05,262.0,1.281,29.046,2.905,17.21,0.0,STABLE,Baseline,None
2026-08-27 16:31:06,262.0,1.281,29.046,2.905,17.21,0.0,STABLE,Baseline,None
2026-08-27 16:31:07,262.0,1.281,29.046,2.905,17.21,0.0,STABLE,Baseline,None
2026-08-27 16:31:08,261.0,1.276,29.195,2.92,17.13,-0.09,STABLE,Baseline,None
2026-08-27 16:31:09,261.0,1.276,29.195,2.92,17.13,0.0,STABLE,Baseline,None
2026-08-27 16:31:10,261.0,1.276,29.195,2.92,17.13,0.0,STABLE,Baseline,None
2026-08-27 16:31:11,261.0,1.276,29.195,2.92,17.13,0.0,STABLE,Baseline,None
2026-08-27 16:31:12,260.0,1.271,29.346,2.935,17.04,-0.09,STABLE,Baseline,None
2026-08-27 16:31:13,260.0,1.271,29.346,2.935,17.04,0.0,STABLE,Baseline,None
2026-08-27 16:31:14,260.0,1.271,29.346,2.935,17.04,0.0,STABLE,Baseline,None
2026-08-27 16:31:15,260.0,1.271,29.346,2.935,17.04,0.0,STABLE,Baseline,None
2026-08-27 16:31:16,260.0,1.271,29.346,2.935,17.04,0.0,STABLE,Baseline,None
2026-08-27 16:31:17,260.0,1.271,29.346,2.935,17.04,0.0,STABLE,Baseline,None
2026-08-27 16:31:18,259.0,1.266,29.498,2.95,16.95,-0.09,STABLE,Baseline,None
2026-08-27 16:31:19,259.0,1.266,29.498,2.95,16.95,0.0,STABLE,Baseline,None
2026-08-27 16:31:20,260.0,1.271,29.346,2.935,17.04,0.09,STABLE,Baseline,None
2026-08-27 16:31:21,259.0,1.266,29.498,2.95,16.95,-0.09,STABLE,Baseline,None
2026-08-27 16:31:22,259.0,1.266,29.498,2.95,16.95,0.0,STABLE,Baseline,None
2026-08-27 16:31:23,259.0,1.266,29.498,2.95,16.95,0.0,STABLE,Baseline,None
2026-08-27 16:31:24,259.0,1.266,29.498,2.95,16.95,0.0,STABLE,Baseline,None
2026-08-27 16:31:25,260.0,1.271,29.346,2.935,17.04,0.09,STABLE,Baseline,None
2026-08-27 16:31:26,260.0,1.271,29.346,2.935,17.04,0.0,STABLE,Baseline,None
2026-08-27 16:31:27,260.0,1.271,29.346,2.935,17.04,0.0,STABLE,Baseline,None
2026-08-27 16:31:28,259.0,1.266,29.498,2.95,16.95,-0.09,STABLE,Baseline,None
2026-08-27 16:31:29,259.0,1.266,29.498,2.95,16.95,0.0,STABLE,Baseline,None
2026-08-27 16:31:30,259.0,1.266,29.498,2.95,16.95,0.0,STABLE,Baseline,None
2026-08-27 16:31:31,259.0,1.266,29.498,2.95,16.95,0.0,STABLE,Baseline,None
2026-08-27 16:31:32,259.0,1.266,29.498,2.95,16.95,0.0,STABLE,Baseline,None
2026-08-27 16:31:33,258.0,1.261,29.651,2.965,16.86,-0.09,STABLE,Baseline,None
2026-08-27 16:31:34,259.0,1.266,29.498,2.95,16.95,0.09,STABLE,Baseline,None
2026-08-27 16:31:35,259.0,1.266,29.498,2.95,16.95,0.0,STABLE,Baseline,None
2026-08-27 16:31:36,259.0,1.266,29.498,2.95,16.95,0.0,STABLE,Baseline,None
2026-08-27 16:31:37,259.0,1.266,29.498,2.95,16.95,0.0,STABLE,Baseline,None
2026-08-27 16:31:38,259.0,1.266,29.498,2.95,16.95,0.0,STABLE,Baseline,None
2026-08-27 16:31:39,259.0,1.266,29.498,2.95,16.95,0.0,STABLE,Baseline,None
2026-08-27 16:31:40,259.0,1.266,29.498,2.95,16.95,0.0,STABLE,Baseline,None
2026-08-27 16:31:41,258.0,1.261,29.651,2.965,16.86,-0.09,STABLE,Baseline,None
2026-08-27 16:31:42,258.0,1.261,29.651,2.965,16.86,0.0,STABLE,Baseline,None
2026-08-27 16:31:43,258.0,1.261,29.651,2.965,16.86,0.0,STABLE,Baseline,None
2026-08-27 16:31:44,258.0,1.261,29.651,2.965,16.86,0.0,STABLE,Baseline,None
2026-08-27 16:31:45,257.0,1.256,29.805,2.981,16.78,-0.09,STABLE,Baseline,None
2026-08-27 16:31:46,257.0,1.256,29.805,2.981,16.78,0.0,STABLE,Baseline,None
2026-08-27 16:31:47,257.0,1.256,29.805,2.981,16.78,0.0,STABLE,Baseline,None
2026-08-27 16:31:48,257.0,1.256,29.805,2.981,16.78,0.0,STABLE,Baseline,None
2026-08-27 16:31:49,257.0,1.256,29.805,2.981,16.78,0.0,STABLE,Baseline,None
2026-08-27 16:31:50,257.0,1.256,29.805,2.981,16.78,0.0,STABLE,Baseline,None
2026-08-27 16:31:51,257.0,1.256,29.805,2.981,16.78,0.0,STABLE,Baseline,None
2026-08-27 16:31:52,257.0,1.256,29.805,2.981,16.78,0.0,STABLE,Baseline,None
2026-08-27 16:31:53,258.0,1.261,29.651,2.965,16.86,0.09,STABLE,Baseline,None
2026-08-27 16:31:54,258.0,1.261,29.651,2.965,16.86,0.0,STABLE,Baseline,None
2026-08-27 16:31:55,257.0,1.256,29.805,2.981,16.78,-0.09,STABLE,Baseline,None
2026-08-27 16:31:56,257.0,1.256,29.805,2.981,16.78,0.0,STABLE,Baseline,None
2026-08-27 16:31:57,257.0,1.256,29.805,2.981,16.78,0.0,STABLE,Baseline,None
2026-08-27 16:31:58,257.0,1.256,29.805,2.981,16.78,0.0,STABLE,Baseline,None
2026-08-27 16:31:59,257.0,1.256,29.805,2.981,16.78,0.0,STABLE,Baseline,None
2026-08-27 16:32:00,257.0,1.256,29.805,2.981,16.78,0.0,STABLE,Baseline,None
2026-08-27 16:32:01,256.0,1.251,29.961,2.996,16.69,-0.09,STABLE,Baseline,None
2026-08-27 16:32:02,257.0,1.256,29.805,2.981,16.78,0.09,STABLE,Baseline,None
2026-08-27 16:32:03,257.0,1.256,29.805,2.981,16.78,0.0,STABLE,Baseline,None
2026-08-27 16:32:04,258.0,1.261,29.651,2.965,16.86,0.09,STABLE,Baseline,None
2026-08-27 16:32:05,257.0,1.256,29.805,2.981,16.78,-0.09,STABLE,Baseline,None
2026-08-27 16:32:06,258.0,1.261,29.651,2.965,16.86,0.09,STABLE,Baseline,None
2026-08-27 16:32:07,258.0,1.261,29.651,2.965,16.86,0.0,STABLE,Baseline,None
2026-08-27 16:32:08,258.0,1.261,29.651,2.965,16.86,0.0,STABLE,Baseline,None
2026-08-27 16:32:09,258.0,1.261,29.651,2.965,16.86,0.0,STABLE,Baseline,None
2026-08-27 16:32:10,258.0,1.261,29.651,2.965,16.86,0.0,STABLE,Baseline,None
2026-08-27 16:32:11,258.0,1.261,29.651,2.965,16.86,0.0,STABLE,Baseline,None
2026-08-27 16:32:12,257.0,1.256,29.805,2.981,16.78,-0.09,STABLE,Baseline,None
2026-08-27 16:32:13,257.0,1.256,29.805,2.981,16.78,0.0,STABLE,Baseline,None
2026-08-27 16:32:14,257.0,1.256,29.805,2.981,16.78,0.0,STABLE,Baseline,None
2026-08-27 16:32:15,256.0,1.251,29.961,2.996,16.69,-0.09,STABLE,Baseline,None
2026-08-27 16:32:16,256.0,1.251,29.961,2.996,16.69,0.0,STABLE,Baseline,None
2026-08-27 16:32:17,256.0,1.251,29.961,2.996,16.69,0.0,STABLE,Baseline,None
2026-08-27 16:32:18,256.0,1.251,29.961,2.996,16.69,0.0,STABLE,Baseline,None
2026-08-27 16:32:19,256.0,1.251,29.961,2.996,16.69,0.0,STABLE,Baseline,None
2026-08-27 16:32:20,256.0,1.251,29.961,2.996,16.69,0.0,STABLE,Baseline,None
2026-08-27 16:32:21,256.0,1.251,29.961,2.996,16.69,0.0,STABLE,Baseline,None
2026-08-27 16:32:22,255.0,1.246,30.118,3.012,16.6,-0.09,STABLE,Baseline,None
2026-08-27 16:32:23,255.0,1.246,30.118,3.012,16.6,0.0,STABLE,Baseline,None
2026-08-27 16:32:24,256.0,1.251,29.961,2.996,16.69,0.09,STABLE,Baseline,None
2026-08-27 16:32:25,256.0,1.251,29.961,2.996,16.69,0.0,STABLE,Baseline,None
2026-08-27 16:32:26,257.0,1.256,29.805,2.981,16.78,0.09,STABLE,Baseline,None
2026-08-27 16:32:27,257.0,1.256,29.805,2.981,16.78,0.0,STABLE,Baseline,None
2026-08-27 16:32:28,256.0,1.251,29.961,2.996,16.69,-0.09,STABLE,Baseline,None
2026-08-27 16:32:29,256.0,1.251,29.961,2.996,16.69,0.0,STABLE,Baseline,None
2026-08-27 16:32:30,256.0,1.251,29.961,2.996,16.69,0.0,STABLE,Baseline,None
2026-08-27 16:32:31,255.0,1.246,30.118,3.012,16.6,-0.09,STABLE,Baseline,None
2026-08-27 16:32:32,255.0,1.246,30.118,3.012,16.6,0.0,STABLE,Baseline,None
2026-08-27 16:32:33,254.0,1.241,30.276,3.028,16.51,-0.09,STABLE,Baseline,None
2026-08-27 16:32:34,254.0,1.241,30.276,3.028,16.51,0.0,STABLE,Baseline,None
2026-08-27 16:32:35,254.0,1.241,30.276,3.028,16.51,0.0,STABLE,Baseline,None
2026-08-27 16:32:36,254.0,1.241,30.276,3.028,16.51,0.0,STABLE,Baseline,None
2026-08-27 16:32:37,253.0,1.237,30.435,3.043,16.43,-0.09,STABLE,Baseline,None
2026-08-27 16:32:38,254.0,1.241,30.276,3.028,16.51,0.09,STABLE,Baseline,None
2026-08-27 16:32:39,254.0,1.241,30.276,3.028,16.51,0.0,STABLE,Baseline,None
2026-08-27 16:32:40,254.0,1.241,30.276,3.028,16.51,0.0,STABLE,Baseline,None
2026-08-27 16:32:41,254.0,1.241,30.276,3.028,16.51,0.0,STABLE,Baseline,None
2026-08-27 16:32:42,254.0,1.241,30.276,3.028,16.51,0.0,STABLE,Baseline,None
2026-08-27 16:32:43,253.0,1.237,30.435,3.043,16.43,-0.09,STABLE,Baseline,None
2026-08-27 16:32:44,253.0,1.237,30.435,3.043,16.43,0.0,STABLE,Baseline,None
2026-08-27 16:32:45,253.0,1.237,30.435,3.043,16.43,0.0,STABLE,Baseline,None
2026-08-27 16:32:46,252.0,1.232,30.595,3.06,16.34,-0.09,STABLE,Baseline,None
2026-08-27 16:32:47,252.0,1.232,30.595,3.06,16.34,0.0,STABLE,Baseline,None
2026-08-27 16:32:48,252.0,1.232,30.595,3.06,16.34,0.0,STABLE,Baseline,None
2026-08-27 16:32:49,252.0,1.232,30.595,3.06,16.34,0.0,STABLE,Baseline,None
2026-08-27 16:32:50,252.0,1.232,30.595,3.06,16.34,0.0,STABLE,Baseline,None
2026-08-27 16:32:51,252.0,1.232,30.595,3.06,16.34,0.0,STABLE,Baseline,None
2026-08-27 16:32:52,252.0,1.232,30.595,3.06,16.34,0.0,STABLE,Baseline,None
2026-08-27 16:32:53,252.0,1.232,30.595,3.06,16.34,0.0,STABLE,Baseline,None
2026-08-27 16:32:54,252.0,1.232,30.595,3.06,16.34,0.0,STABLE,Baseline,None
2026-08-27 16:32:55,252.0,1.232,30.595,3.06,16.34,0.0,STABLE,Baseline,None
2026-08-27 16:32:56,253.0,1.237,30.435,3.043,16.43,0.09,STABLE,Baseline,None
2026-08-27 16:32:57,253.0,1.237,30.435,3.043,16.43,0.0,STABLE,Baseline,None
2026-08-27 16:32:58,253.0,1.237,30.435,3.043,16.43,0.0,STABLE,Baseline,None
2026-08-27 16:32:59,252.0,1.232,30.595,3.06,16.34,-0.09,STABLE,Baseline,None
2026-08-27 16:33:00,252.0,1.232,30.595,3.06,16.34,0.0,STABLE,Baseline,None
2026-08-27 16:33:01,252.0,1.232,30.595,3.06,16.34,0.0,STABLE,Baseline,None
2026-08-27 16:33:02,252.0,1.232,30.595,3.06,16.34,0.0,STABLE,Baseline,None
2026-08-27 16:33:03,252.0,1.232,30.595,3.06,16.34,0.0,STABLE,Baseline,None
2026-08-27 16:33:04,252.0,1.232,30.595,3.06,16.34,0.0,STABLE,Baseline,None
2026-08-27 16:33:05,253.0,1.237,30.435,3.043,16.43,0.09,STABLE,Baseline,None
2026-08-27 16:33:06,253.0,1.237,30.435,3.043,16.43,0.0,STABLE,Baseline,None
2026-08-27 16:33:07,252.0,1.232,30.595,3.06,16.34,-0.09,STABLE,Baseline,None
2026-08-27 16:33:08,253.0,1.237,30.435,3.043,16.43,0.09,STABLE,Baseline,None
2026-08-27 16:33:09,252.0,1.232,30.595,3.06,16.34,-0.09,STABLE,Baseline,None
2026-08-27 16:33:10,253.0,1.237,30.435,3.043,16.43,0.09,STABLE,Baseline,None
2026-08-27 16:33:11,253.0,1.237,30.435,3.043,16.43,0.0,STABLE,Baseline,None
2026-08-27 16:33:12,253.0,1.237,30.435,3.043,16.43,0.0,STABLE,Baseline,None
2026-08-27 16:33:13,252.0,1.232,30.595,3.06,16.34,-0.09,STABLE,Baseline,None
2026-08-27 16:33:14,253.0,1.237,30.435,3.043,16.43,0.09,STABLE,Baseline,None
2026-08-27 16:33:15,252.0,1.232,30.595,3.06,16.34,-0.09,STABLE,Baseline,None
2026-08-27 16:33:16,252.0,1.232,30.595,3.06,16.34,0.0,STABLE,Baseline,None
2026-08-27 16:33:17,252.0,1.232,30.595,3.06,16.34,0.0,STABLE,Baseline,None
2026-08-27 16:33:18,252.0,1.232,30.595,3.06,16.34,0.0,STABLE,Baseline,None
2026-08-27 16:33:19,252.0,1.232,30.595,3.06,16.34,0.0,STABLE,Baseline,None
2026-08-27 16:33:20,252.0,1.232,30.595,3.06,16.34,0.0,STABLE,Baseline,None
2026-08-27 16:33:21,252.0,1.232,30.595,3.06,16.34,0.0,STABLE,Baseline,None
2026-08-27 16:33:22,251.0,1.227,30.757,3.076,16.26,-0.09,STABLE,Baseline,None
2026-08-27 16:33:23,252.0,1.232,30.595,3.06,16.34,0.09,STABLE,Baseline,None
2026-08-27 16:33:24,251.0,1.227,30.757,3.076,16.26,-0.09,STABLE,Baseline,None
2026-08-27 16:33:25,251.0,1.227,30.757,3.076,16.26,0.0,STABLE,Baseline,None
2026-08-27 16:33:26,250.0,1.222,30.92,3.092,16.17,-0.09,STABLE,Baseline,None
2026-08-27 16:33:27,250.0,1.222,30.92,3.092,16.17,0.0,STABLE,Baseline,None
2026-08-27 16:33:28,250.0,1.222,30.92,3.092,16.17,0.0,STABLE,Baseline,None
2026-08-27 16:33:29,250.0,1.222,30.92,3.092,16.17,0.0,STABLE,Baseline,None
2026-08-27 16:33:30,250.0,1.222,30.92,3.092,16.17,0.0,STABLE,Baseline,None
2026-08-27 16:33:31,250.0,1.222,30.92,3.092,16.17,0.0,STABLE,Baseline,None
2026-08-27 16:33:32,249.0,1.217,31.084,3.108,16.09,-0.09,STABLE,Baseline,None
2026-08-27 16:33:33,249.0,1.217,31.084,3.108,16.09,0.0,STABLE,Baseline,None
2026-08-27 16:33:34,249.0,1.217,31.084,3.108,16.09,0.0,STABLE,Baseline,None
2026-08-27 16:33:35,249.0,1.217,31.084,3.108,16.09,0.0,STABLE,Baseline,None
2026-08-27 16:33:36,249.0,1.217,31.084,3.108,16.09,0.0,STABLE,Baseline,None
2026-08-27 16:33:37,249.0,1.217,31.084,3.108,16.09,0.0,STABLE,Baseline,None
2026-08-27 16:33:38,249.0,1.217,31.084,3.108,16.09,0.0,STABLE,Baseline,None
2026-08-27 16:33:39,249.0,1.217,31.084,3.108,16.09,0.0,STABLE,Baseline,None
2026-08-27 16:33:40,249.0,1.217,31.084,3.108,16.09,0.0,STABLE,Baseline,None
2026-08-27 16:33:41,249.0,1.217,31.084,3.108,16.09,0.0,STABLE,Baseline,None
2026-08-27 16:33:42,250.0,1.222,30.92,3.092,16.17,0.09,STABLE,Baseline,None
2026-08-27 16:33:43,250.0,1.222,30.92,3.092,16.17,0.0,STABLE,Baseline,None
2026-08-27 16:33:44,250.0,1.222,30.92,3.092,16.17,0.0,STABLE,Baseline,None
2026-08-27 16:33:45,250.0,1.222,30.92,3.092,16.17,0.0,STABLE,Baseline,None
2026-08-27 16:33:46,251.0,1.227,30.757,3.076,16.26,0.09,STABLE,Baseline,None
2026-08-27 16:33:47,251.0,1.227,30.757,3.076,16.26,0.0,STABLE,Baseline,None
2026-08-27 16:33:48,251.0,1.227,30.757,3.076,16.26,0.0,STABLE,Baseline,None
2026-08-27 16:33:49,251.0,1.227,30.757,3.076,16.26,0.0,STABLE,Baseline,None
2026-08-27 16:33:50,251.0,1.227,30.757,3.076,16.26,0.0,STABLE,Baseline,None
2026-08-27 16:33:51,252.0,1.232,30.595,3.06,16.34,0.09,STABLE,Baseline,None
2026-08-27 16:33:52,253.0,1.237,30.435,3.043,16.43,0.09,STABLE,Baseline,None
2026-08-27 16:33:53,253.0,1.237,30.435,3.043,16.43,0.0,STABLE,Baseline,None
2026-08-27 16:33:54,252.0,1.232,30.595,3.06,16.34,-0.09,STABLE,Baseline,None
2026-08-27 16:33:55,253.0,1.237,30.435,3.043,16.43,0.09,STABLE,Baseline,None
2026-08-27 16:33:56,252.0,1.232,30.595,3.06,16.34,-0.09,STABLE,Baseline,None
2026-08-27 16:33:57,252.0,1.232,30.595,3.06,16.34,0.0,STABLE,Baseline,None
2026-08-27 16:33:58,252.0,1.232,30.595,3.06,16.34,0.0,STABLE,Baseline,None
2026-08-27 16:33:59,252.0,1.232,30.595,3.06,16.34,0.0,STABLE,Baseline,None
2026-08-27 16:34:00,252.0,1.232,30.595,3.06,16.34,0.0,STABLE,Baseline,None
2026-08-27 16:34:01,252.0,1.232,30.595,3.06,16.34,0.0,STABLE,Baseline,None
2026-08-27 16:34:02,251.0,1.227,30.757,3.076,16.26,-0.09,STABLE,Baseline,None
2026-08-27 16:34:03,251.0,1.227,30.757,3.076,16.26,0.0,STABLE,Baseline,None
2026-08-27 16:34:04,250.0,1.222,30.92,3.092,16.17,-0.09,STABLE,Baseline,None
2026-08-27 16:34:05,250.0,1.222,30.92,3.092,16.17,0.0,STABLE,Baseline,None
2026-08-27 16:34:06,250.0,1.222,30.92,3.092,16.17,0.0,STABLE,Baseline,None
2026-08-27 16:34:07,249.0,1.217,31.084,3.108,16.09,-0.09,STABLE,Baseline,None
2026-08-27 16:34:08,249.0,1.217,31.084,3.108,16.09,0.0,STABLE,Baseline,None
2026-08-27 16:34:09,249.0,1.217,31.084,3.108,16.09,0.0,STABLE,Baseline,None
2026-08-27 16:34:10,249.0,1.217,31.084,3.108,16.09,0.0,STABLE,Baseline,None
2026-08-27 16:34:11,249.0,1.217,31.084,3.108,16.09,0.0,STABLE,Baseline,None
2026-08-27 16:34:12,249.0,1.217,31.084,3.108,16.09,0.0,STABLE,Baseline,None
2026-08-27 16:34:13,248.0,1.212,31.25,3.125,16.0,-0.09,STABLE,Baseline,None
2026-08-27 16:34:14,249.0,1.217,31.084,3.108,16.09,0.09,STABLE,Baseline,None
2026-08-27 16:34:15,249.0,1.217,31.084,3.108,16.09,0.0,STABLE,Baseline,None
2026-08-27 16:34:16,249.0,1.217,31.084,3.108,16.09,0.0,STABLE,Baseline,None
2026-08-27 16:34:17,249.0,1.217,31.084,3.108,16.09,0.0,STABLE,Baseline,None
2026-08-27 16:34:18,249.0,1.217,31.084,3.108,16.09,0.0,STABLE,Baseline,None
2026-08-27 16:34:19,248.0,1.212,31.25,3.125,16.0,-0.09,STABLE,Baseline,None
2026-08-27 16:34:20,248.0,1.212,31.25,3.125,16.0,0.0,STABLE,Baseline,None
2026-08-27 16:34:21,248.0,1.212,31.25,3.125,16.0,0.0,STABLE,Baseline,None
2026-08-27 16:34:22,247.0,1.207,31.417,3.142,15.91,-0.09,STABLE,Baseline,None
2026-08-27 16:34:23,247.0,1.207,31.417,3.142,15.91,0.0,STABLE,Baseline,None
2026-08-27 16:34:24,248.0,1.212,31.25,3.125,16.0,0.09,STABLE,Baseline,None
2026-08-27 16:34:25,248.0,1.212,31.25,3.125,16.0,0.0,STABLE,Baseline,None
2026-08-27 16:34:26,248.0,1.212,31.25,3.125,16.0,0.0,STABLE,Baseline,None
2026-08-27 16:34:27,248.0,1.212,31.25,3.125,16.0,0.0,STABLE,Baseline,None
2026-08-27 16:34:28,247.0,1.207,31.417,3.142,15.91,-0.09,STABLE,Baseline,None
2026-08-27 16:34:29,247.0,1.207,31.417,3.142,15.91,0.0,STABLE,Baseline,None
2026-08-27 16:34:30,247.0,1.207,31.417,3.142,15.91,0.0,STABLE,Baseline,None
2026-08-27 16:34:31,247.0,1.207,31.417,3.142,15.91,0.0,STABLE,Baseline,None
2026-08-27 16:34:32,247.0,1.207,31.417,3.142,15.91,0.0,STABLE,Baseline,None
2026-08-27 16:34:33,247.0,1.207,31.417,3.142,15.91,0.0,STABLE,Baseline,None
2026-08-27 16:34:34,247.0,1.207,31.417,3.142,15.91,0.0,STABLE,Baseline,None
2026-08-27 16:34:35,247.0,1.207,31.417,3.142,15.91,0.0,STABLE,Baseline,None
2026-08-27 16:34:36,246.0,1.202,31.585,3.159,15.83,-0.08,STABLE,Baseline,None
2026-08-27 16:34:37,247.0,1.207,31.417,3.142,15.91,0.08,STABLE,Baseline,None
2026-08-27 16:34:38,246.0,1.202,31.585,3.159,15.83,-0.08,STABLE,Baseline,None
2026-08-27 16:34:39,246.0,1.202,31.585,3.159,15.83,0.0,STABLE,Baseline,None
2026-08-27 16:34:40,246.0,1.202,31.585,3.159,15.83,0.0,STABLE,Baseline,None
2026-08-27 16:34:41,246.0,1.202,31.585,3.159,15.83,0.0,STABLE,Baseline,None
2026-08-27 16:34:42,246.0,1.202,31.585,3.159,15.83,0.0,STABLE,Baseline,None
2026-08-27 16:34:43,246.0,1.202,31.585,3.159,15.83,0.0,STABLE,Baseline,None
2026-08-27 16:34:44,246.0,1.202,31.585,3.159,15.83,0.0,STABLE,Baseline,None
2026-08-27 16:34:45,246.0,1.202,31.585,3.159,15.83,0.0,STABLE,Baseline,None
2026-08-27 16:34:46,246.0,1.202,31.585,3.159,15.83,0.0,STABLE,Baseline,None
2026-08-27 16:34:47,246.0,1.202,31.585,3.159,15.83,0.0,STABLE,Baseline,None
2026-08-27 16:34:48,246.0,1.202,31.585,3.159,15.83,0.0,STABLE,Baseline,None
2026-08-27 16:34:49,247.0,1.207,31.417,3.142,15.91,0.08,STABLE,Baseline,None
2026-08-27 16:34:50,247.0,1.207,31.417,3.142,15.91,0.0,STABLE,Baseline,None
2026-08-27 16:34:51,247.0,1.207,31.417,3.142,15.91,0.0,STABLE,Baseline,None
2026-08-27 16:34:52,247.0,1.207,31.417,3.142,15.91,0.0,STABLE,Baseline,None
2026-08-27 16:34:53,247.0,1.207,31.417,3.142,15.91,0.0,STABLE,Baseline,None
2026-08-27 16:34:54,246.0,1.202,31.585,3.159,15.83,-0.08,STABLE,Baseline,None
2026-08-27 16:34:55,247.0,1.207,31.417,3.142,15.91,0.08,STABLE,Baseline,None
2026-08-27 16:34:56,247.0,1.207,31.417,3.142,15.91,0.0,STABLE,Baseline,None
2026-08-27 16:34:57,247.0,1.207,31.417,3.142,15.91,0.0,STABLE,Baseline,None
2026-08-27 16:34:58,247.0,1.207,31.417,3.142,15.91,0.0,STABLE,Baseline,None
2026-08-27 16:34:59,247.0,1.207,31.417,3.142,15.91,0.0,STABLE,Baseline,None
2026-08-27 16:35:00,246.0,1.202,31.585,3.159,15.83,-0.08,STABLE,Baseline,None
2026-08-27 16:35:01,246.0,1.202,31.585,3.159,15.83,0.0,STABLE,Baseline,None
2026-08-27 16:35:02,246.0,1.202,31.585,3.159,15.83,0.0,STABLE,Baseline,None
2026-08-27 16:35:03,246.0,1.202,31.585,3.159,15.83,0.0,STABLE,Baseline,None
2026-08-27 16:35:04,246.0,1.202,31.585,3.159,15.83,0.0,STABLE,Baseline,None
2026-08-27 16:35:05,245.0,1.197,31.755,3.176,15.75,-0.08,STABLE,Baseline,None
2026-08-27 16:35:06,245.0,1.197,31.755,3.176,15.75,0.0,STABLE,Baseline,None
2026-08-27 16:35:07,245.0,1.197,31.755,3.176,15.75,0.0,STABLE,Baseline,None
2026-08-27 16:35:08,245.0,1.197,31.755,3.176,15.75,0.0,STABLE,Baseline,None
2026-08-27 16:35:09,245.0,1.197,31.755,3.176,15.75,0.0,STABLE,Baseline,None
2026-08-27 16:35:10,245.0,1.197,31.755,3.176,15.75,0.0,STABLE,Baseline,None
2026-08-27 16:35:11,245.0,1.197,31.755,3.176,15.75,0.0,STABLE,Baseline,None
2026-08-27 16:35:12,245.0,1.197,31.755,3.176,15.75,0.0,STABLE,Baseline,None
2026-08-27 16:35:13,246.0,1.202,31.585,3.159,15.83,0.08,STABLE,Baseline,None
2026-08-27 16:35:14,246.0,1.202,31.585,3.159,15.83,0.0,STABLE,Baseline,None
2026-08-27 16:35:15,246.0,1.202,31.585,3.159,15.83,0.0,STABLE,Baseline,None
2026-08-27 16:35:16,246.0,1.202,31.585,3.159,15.83,0.0,STABLE,Baseline,None
2026-08-27 16:35:17,245.0,1.197,31.755,3.176,15.75,-0.08,STABLE,Baseline,None
2026-08-27 16:35:18,246.0,1.202,31.585,3.159,15.83,0.08,STABLE,Baseline,None
2026-08-27 16:35:19,246.0,1.202,31.585,3.159,15.83,0.0,STABLE,Baseline,None
2026-08-27 16:35:20,246.0,1.202,31.585,3.159,15.83,0.0,STABLE,Baseline,None
2026-08-27 16:35:21,245.0,1.197,31.755,3.176,15.75,-0.08,STABLE,Baseline,None
2026-08-27 16:35:22,245.0,1.197,31.755,3.176,15.75,0.0,STABLE,Baseline,None
2026-08-27 16:35:23,245.0,1.197,31.755,3.176,15.75,0.0,STABLE,Baseline,None
2026-08-27 16:35:24,245.0,1.197,31.755,3.176,15.75,0.0,STABLE,Baseline,None
2026-08-27 16:35:25,244.0,1.193,31.926,3.193,15.66,-0.08,STABLE,Baseline,None
2026-08-27 16:35:26,244.0,1.193,31.926,3.193,15.66,0.0,STABLE,Baseline,None
2026-08-27 16:35:27,244.0,1.193,31.926,3.193,15.66,0.0,STABLE,Baseline,None
2026-08-27 16:35:28,243.0,1.188,32.099,3.21,15.58,-0.08,STABLE,Baseline,None
2026-08-27 16:35:29,243.0,1.188,32.099,3.21,15.58,0.0,STABLE,Baseline,None
2026-08-27 16:35:30,243.0,1.188,32.099,3.21,15.58,0.0,STABLE,Baseline,None
2026-08-27 16:35:31,243.0,1.188,32.099,3.21,15.58,0.0,STABLE,Baseline,None
2026-08-27 16:35:32,242.0,1.183,32.273,3.227,15.49,-0.08,STABLE,Baseline,None
2026-08-27 16:35:33,242.0,1.183,32.273,3.227,15.49,0.0,STABLE,Baseline,None
2026-08-27 16:35:34,244.0,1.193,31.926,3.193,15.66,0.17,STABLE,Baseline,None
2026-08-27 16:35:35,244.0,1.193,31.926,3.193,15.66,0.0,STABLE,Baseline,None
2026-08-27 16:35:36,245.0,1.197,31.755,3.176,15.75,0.08,STABLE,Baseline,None
2026-08-27 16:35:37,245.0,1.197,31.755,3.176,15.75,0.0,STABLE,Baseline,None
2026-08-27 16:35:38,245.0,1.197,31.755,3.176,15.75,0.0,STABLE,Baseline,None
2026-08-27 16:35:39,244.0,1.193,31.926,3.193,15.66,-0.08,STABLE,Baseline,None
2026-08-27 16:35:40,244.0,1.193,31.926,3.193,15.66,0.0,STABLE,Baseline,None
2026-08-27 16:35:41,244.0,1.193,31.926,3.193,15.66,0.0,STABLE,Baseline,None
2026-08-27 16:35:42,244.0,1.193,31.926,3.193,15.66,0.0,STABLE,Baseline,None
2026-08-27 16:35:43,244.0,1.193,31.926,3.193,15.66,0.0,STABLE,Baseline,None
2026-08-27 16:35:44,244.0,1.193,31.926,3.193,15.66,0.0,STABLE,Baseline,None
2026-08-27 16:35:45,244.0,1.193,31.926,3.193,15.66,0.0,STABLE,Baseline,None
2026-08-27 16:35:46,244.0,1.193,31.926,3.193,15.66,0.0,STABLE,Baseline,None
2026-08-27 16:35:47,244.0,1.193,31.926,3.193,15.66,0.0,STABLE,Baseline,None
2026-08-27 16:35:48,244.0,1.193,31.926,3.193,15.66,0.0,STABLE,Baseline,None
2026-08-27 16:35:49,244.0,1.193,31.926,3.193,15.66,0.0,STABLE,Baseline,None
2026-08-27 16:35:50,244.0,1.193,31.926,3.193,15.66,0.0,STABLE,Baseline,None
2026-08-27 16:35:51,244.0,1.193,31.926,3.193,15.66,0.0,STABLE,Baseline,None
2026-08-27 16:35:52,243.0,1.188,32.099,3.21,15.58,-0.08,STABLE,Baseline,None
2026-08-27 16:35:53,243.0,1.188,32.099,3.21,15.58,0.0,STABLE,Baseline,None
2026-08-27 16:35:54,243.0,1.188,32.099,3.21,15.58,0.0,STABLE,Baseline,None
2026-08-27 16:35:55,243.0,1.188,32.099,3.21,15.58,0.0,STABLE,Baseline,None
2026-08-27 16:35:56,243.0,1.188,32.099,3.21,15.58,0.0,STABLE,Baseline,None
2026-08-27 16:35:57,243.0,1.188,32.099,3.21,15.58,0.0,STABLE,Baseline,None
2026-08-27 16:35:58,243.0,1.188,32.099,3.21,15.58,0.0,STABLE,Baseline,None
2026-08-27 16:35:59,244.0,1.193,31.926,3.193,15.66,0.08,STABLE,Baseline,None
2026-08-27 16:36:00,244.0,1.193,31.926,3.193,15.66,0.0,STABLE,Baseline,None
2026-08-27 16:36:01,244.0,1.193,31.926,3.193,15.66,0.0,STABLE,Baseline,None
2026-08-27 16:36:02,244.0,1.193,31.926,3.193,15.66,0.0,STABLE,Baseline,None
2026-08-27 16:36:03,244.0,1.193,31.926,3.193,15.66,0.0,STABLE,Baseline,None
2026-08-27 16:36:04,244.0,1.193,31.926,3.193,15.66,0.0,STABLE,Baseline,None
2026-08-27 16:36:05,244.0,1.193,31.926,3.193,15.66,0.0,STABLE,Baseline,None
2026-08-27 16:36:06,244.0,1.193,31.926,3.193,15.66,0.0,STABLE,Baseline,None
2026-08-27 16:36:07,244.0,1.193,31.926,3.193,15.66,0.0,STABLE,Baseline,None
2026-08-27 16:36:08,245.0,1.197,31.755,3.176,15.75,0.08,STABLE,Baseline,None
2026-08-27 16:36:09,245.0,1.197,31.755,3.176,15.75,0.0,STABLE,Baseline,None
2026-08-27 16:36:10,244.0,1.193,31.926,3.193,15.66,-0.08,STABLE,Baseline,None
2026-08-27 16:36:11,245.0,1.197,31.755,3.176,15.75,0.08,STABLE,Baseline,None
2026-08-27 16:36:12,245.0,1.197,31.755,3.176,15.75,0.0,STABLE,Baseline,None
2026-08-27 16:36:13,245.0,1.197,31.755,3.176,15.75,0.0,STABLE,Baseline,None
2026-08-27 16:36:14,245.0,1.197,31.755,3.176,15.75,0.0,STABLE,Baseline,None
2026-08-27 16:36:15,245.0,1.197,31.755,3.176,15.75,0.0,STABLE,Baseline,None
2026-08-27 16:36:16,245.0,1.197,31.755,3.176,15.75,0.0,STABLE,Baseline,None
2026-08-27 16:36:17,245.0,1.197,31.755,3.176,15.75,0.0,STABLE,Baseline,None
2026-08-27 16:36:18,245.0,1.197,31.755,3.176,15.75,0.0,STABLE,Baseline,None
2026-08-27 16:36:19,245.0,1.197,31.755,3.176,15.75,0.0,STABLE,Baseline,None
2026-08-27 16:36:20,244.0,1.193,31.926,3.193,15.66,-0.08,STABLE,Baseline,None
2026-08-27 16:36:21,244.0,1.193,31.926,3.193,15.66,0.0,STABLE,Baseline,None
2026-08-27 16:36:22,244.0,1.193,31.926,3.193,15.66,0.0,STABLE,Baseline,None
2026-08-27 16:50:17,229.0,1.119,34.672,3.467,14.42,14.42,INCREASING,Rose_01,Rose
2026-08-27 16:50:18,228.0,1.114,34.868,3.487,14.34,-0.08,STABLE,Rose_01,Rose
2026-08-27 16:50:19,229.0,1.119,34.672,3.467,14.42,0.08,STABLE,Rose_01,Rose
2026-08-27 16:50:20,228.0,1.114,34.868,3.487,14.34,-0.08,STABLE,Rose_01,Rose
2026-08-27 16:50:21,228.0,1.114,34.868,3.487,14.34,0.0,STABLE,Rose_01,Rose
2026-08-27 16:50:22,228.0,1.114,34.868,3.487,14.34,0.0,STABLE,Rose_01,Rose
2026-08-27 16:50:23,229.0,1.119,34.672,3.467,14.42,0.08,STABLE,Rose_01,Rose
2026-08-27 16:50:24,227.0,1.109,35.066,3.507,14.26,-0.16,STABLE,Rose_01,Rose
2026-08-27 16:50:25,228.0,1.114,34.868,3.487,14.34,0.08,STABLE,Rose_01,Rose
2026-08-27 16:50:26,229.0,1.119,34.672,3.467,14.42,0.08,STABLE,Rose_01,Rose
2026-08-27 16:50:27,227.0,1.109,35.066,3.507,14.26,-0.16,STABLE,Rose_01,Rose
2026-08-27 16:50:28,227.0,1.109,35.066,3.507,14.26,0.0,STABLE,Rose_01,Rose
2026-08-27 16:50:29,226.0,1.105,35.265,3.527,14.18,-0.08,STABLE,Rose_01,Rose
2026-08-27 16:50:30,226.0,1.105,35.265,3.527,14.18,0.0,STABLE,Rose_01,Rose
2026-08-27 16:50:31,226.0,1.105,35.265,3.527,14.18,0.0,STABLE,Rose_01,Rose
2026-08-27 16:50:32,226.0,1.105,35.265,3.527,14.18,0.0,STABLE,Rose_01,Rose
2026-08-27 16:50:33,226.0,1.105,35.265,3.527,14.18,0.0,STABLE,Rose_01,Rose
2026-08-27 16:50:34,226.0,1.105,35.265,3.527,14.18,0.0,STABLE,Rose_01,Rose
2026-08-27 16:50:35,226.0,1.105,35.265,3.527,14.18,0.0,STABLE,Rose_01,Rose
2026-08-27 16:50:36,225.0,1.1,35.467,3.547,14.1,-0.08,STABLE,Rose_01,Rose
2026-08-27 16:50:37,225.0,1.1,35.467,3.547,14.1,0.0,STABLE,Rose_01,Rose
2026-08-27 16:50:38,225.0,1.1,35.467,3.547,14.1,0.0,STABLE,Rose_01,Rose
2026-08-27 16:50:39,225.0,1.1,35.467,3.547,14.1,0.0,STABLE,Rose_01,Rose
2026-08-27 16:50:40,226.0,1.105,35.265,3.527,14.18,0.08,STABLE,Rose_01,Rose
2026-08-27 16:50:41,226.0,1.105,35.265,3.527,14.18,0.0,STABLE,Rose_01,Rose
2026-08-27 16:50:42,226.0,1.105,35.265,3.527,14.18,0.0,STABLE,Rose_01,Rose
2026-08-27 16:50:43,226.0,1.105,35.265,3.527,14.18,0.0,STABLE,Rose_01,Rose
2026-08-27 16:50:44,227.0,1.109,35.066,3.507,14.26,0.08,STABLE,Rose_01,Rose
2026-08-27 16:50:45,226.0,1.105,35.265,3.527,14.18,-0.08,STABLE,Rose_01,Rose
2026-08-27 16:50:46,226.0,1.105,35.265,3.527,14.18,0.0,STABLE,Rose_01,Rose
2026-08-27 16:50:47,226.0,1.105,35.265,3.527,14.18,0.0,STABLE,Rose_01,Rose
2026-08-27 16:50:48,226.0,1.105,35.265,3.527,14.18,0.0,STABLE,Rose_01,Rose
2026-08-27 16:50:49,226.0,1.105,35.265,3.527,14.18,0.0,STABLE,Rose_01,Rose
2026-08-27 16:50:50,226.0,1.105,35.265,3.527,14.18,0.0,STABLE,Rose_01,Rose
2026-08-27 16:50:51,226.0,1.105,35.265,3.527,14.18,0.0,STABLE,Rose_01,Rose
2026-08-27 16:50:52,227.0,1.109,35.066,3.507,14.26,0.08,STABLE,Rose_01,Rose
2026-08-27 16:50:53,227.0,1.109,35.066,3.507,14.26,0.0,STABLE,Rose_01,Rose
2026-08-27 16:50:54,227.0,1.109,35.066,3.507,14.26,0.0,STABLE,Rose_01,Rose
2026-08-27 16:50:55,226.0,1.105,35.265,3.527,14.18,-0.08,STABLE,Rose_01,Rose
2026-08-27 16:50:56,226.0,1.105,35.265,3.527,14.18,0.0,STABLE,Rose_01,Rose
2026-08-27 16:50:57,226.0,1.105,35.265,3.527,14.18,0.0,STABLE,Rose_01,Rose
2026-08-27 16:50:58,227.0,1.109,35.066,3.507,14.26,0.08,STABLE,Rose_01,Rose
2026-08-27 16:50:59,226.0,1.105,35.265,3.527,14.18,-0.08,STABLE,Rose_01,Rose
2026-08-27 16:51:00,227.0,1.109,35.066,3.507,14.26,0.08,STABLE,Rose_01,Rose
2026-08-27 16:51:01,226.0,1.105,35.265,3.527,14.18,-0.08,STABLE,Rose_01,Rose
2026-08-27 16:51:02,226.0,1.105,35.265,3.527,14.18,0.0,STABLE,Rose_01,Rose
2026-08-27 16:51:03,225.0,1.1,35.467,3.547,14.1,-0.08,STABLE,Rose_01,Rose
2026-08-27 16:51:04,225.0,1.1,35.467,3.547,14.1,0.0,STABLE,Rose_01,Rose
2026-08-27 16:51:05,225.0,1.1,35.467,3.547,14.1,0.0,STABLE,Rose_01,Rose
2026-08-27 16:51:06,225.0,1.1,35.467,3.547,14.1,0.0,STABLE,Rose_01,Rose
2026-08-27 16:51:07,224.0,1.095,35.67,3.567,14.02,-0.08,STABLE,Rose_01,Rose
2026-08-27 16:51:08,224.0,1.095,35.67,3.567,14.02,0.0,STABLE,Rose_01,Rose
2026-08-27 16:51:09,224.0,1.095,35.67,3.567,14.02,0.0,STABLE,Rose_01,Rose
2026-08-27 16:51:10,224.0,1.095,35.67,3.567,14.02,0.0,STABLE,Rose_01,Rose
2026-08-27 16:51:11,224.0,1.095,35.67,3.567,14.02,0.0,STABLE,Rose_01,Rose
2026-08-27 16:51:12,224.0,1.095,35.67,3.567,14.02,0.0,STABLE,Rose_01,Rose
2026-08-27 16:51:13,225.0,1.1,35.467,3.547,14.1,0.08,STABLE,Rose_01,Rose
2026-08-27 16:51:14,225.0,1.1,35.467,3.547,14.1,0.0,STABLE,Rose_01,Rose
2026-08-27 16:51:15,225.0,1.1,35.467,3.547,14.1,0.0,STABLE,Rose_01,Rose
2026-08-27 16:51:16,225.0,1.1,35.467,3.547,14.1,0.0,STABLE,Rose_01,Rose
2026-08-27 16:51:17,230.0,1.124,34.478,3.448,14.5,0.4,STABLE,Rose_01,Rose
2026-08-27 16:51:18,237.0,1.158,33.165,3.316,15.08,0.57,INCREASING,Rose_01,Rose
2026-08-27 16:51:19,242.0,1.183,32.273,3.227,15.49,0.42,STABLE,Rose_01,Rose
2026-08-27 16:51:20,253.0,1.237,30.435,3.043,16.43,0.94,INCREASING,Rose_01,Rose
2026-08-27 16:51:21,271.0,1.325,27.749,2.775,18.02,1.59,INCREASING,Rose_01,Rose
2026-08-27 16:51:22,296.0,1.447,24.561,2.456,20.36,2.34,INCREASING,Rose_01,Rose
2026-08-27 16:51:23,311.0,1.52,22.894,2.289,21.84,1.48,INCREASING,Rose_01,Rose
2026-08-27 16:51:24,316.0,1.544,22.373,2.237,22.35,0.51,INCREASING,Rose_01,Rose
2026-08-27 16:51:25,321.0,1.569,21.869,2.187,22.86,0.52,INCREASING,Rose_01,Rose
2026-08-27 16:51:26,323.0,1.579,21.672,2.167,23.07,0.21,STABLE,Rose_01,Rose
2026-08-27 16:51:27,320.0,1.564,21.969,2.197,22.76,-0.31,STABLE,Rose_01,Rose
2026-08-27 16:51:28,314.0,1.535,22.58,2.258,22.14,-0.62,DECREASING,Rose_01,Rose
2026-08-27 16:51:29,309.0,1.51,23.107,2.311,21.64,-0.51,DECREASING,Rose_01,Rose
2026-08-27 16:51:30,304.0,1.486,23.651,2.365,21.14,-0.5,STABLE,Rose_01,Rose
2026-08-27 16:51:31,300.0,1.466,24.1,2.41,20.75,-0.39,STABLE,Rose_01,Rose
2026-08-27 16:51:32,295.0,1.442,24.678,2.468,20.26,-0.49,STABLE,Rose_01,Rose
2026-08-27 16:51:33,292.0,1.427,25.034,2.503,19.97,-0.29,STABLE,Rose_01,Rose
2026-08-27 16:51:34,287.0,1.403,25.645,2.564,19.5,-0.48,STABLE,Rose_01,Rose
2026-08-27 16:51:35,283.0,1.383,26.148,2.615,19.12,-0.38,STABLE,Rose_01,Rose
2026-08-27 16:51:36,280.0,1.369,26.536,2.654,18.84,-0.28,STABLE,Rose_01,Rose
2026-08-27 16:51:37,277.0,1.354,26.931,2.693,18.57,-0.28,STABLE,Rose_01,Rose
2026-08-27 16:51:38,275.0,1.344,27.2,2.72,18.38,-0.18,STABLE,Rose_01,Rose
2026-08-27 16:51:39,272.0,1.329,27.61,2.761,18.11,-0.27,STABLE,Rose_01,Rose
2026-08-27 16:51:40,269.0,1.315,28.03,2.803,17.84,-0.27,STABLE,Rose_01,Rose
2026-08-27 16:51:41,267.0,1.305,28.315,2.831,17.66,-0.18,STABLE,Rose_01,Rose
2026-08-27 16:51:42,265.0,1.295,28.604,2.86,17.48,-0.18,STABLE,Rose_01,Rose
2026-08-27 16:51:43,263.0,1.285,28.897,2.89,17.3,-0.18,STABLE,Rose_01,Rose
2026-08-27 16:51:44,262.0,1.281,29.046,2.905,17.21,-0.09,STABLE,Rose_01,Rose
2026-08-27 16:51:45,260.0,1.271,29.346,2.935,17.04,-0.18,STABLE,Rose_01,Rose
2026-08-27 16:51:46,259.0,1.266,29.498,2.95,16.95,-0.09,STABLE,Rose_01,Rose
2026-08-27 16:51:47,257.0,1.256,29.805,2.981,16.78,-0.17,STABLE,Rose_01,Rose
2026-08-27 16:51:48,256.0,1.251,29.961,2.996,16.69,-0.09,STABLE,Rose_01,Rose
2026-08-27 16:51:49,253.0,1.237,30.435,3.043,16.43,-0.26,STABLE,Rose_01,Rose
2026-08-27 16:51:50,252.0,1.232,30.595,3.06,16.34,-0.09,STABLE,Rose_01,Rose
2026-08-27 16:51:51,252.0,1.232,30.595,3.06,16.34,0.0,STABLE,Rose_01,Rose
2026-08-27 16:51:52,251.0,1.227,30.757,3.076,16.26,-0.09,STABLE,Rose_01,Rose
2026-08-27 16:51:53,250.0,1.222,30.92,3.092,16.17,-0.09,STABLE,Rose_01,Rose
2026-08-27 16:51:54,249.0,1.217,31.084,3.108,16.09,-0.09,STABLE,Rose_01,Rose
2026-08-27 16:51:55,248.0,1.212,31.25,3.125,16.0,-0.09,STABLE,Rose_01,Rose
2026-08-27 16:51:56,247.0,1.207,31.417,3.142,15.91,-0.09,STABLE,Rose_01,Rose
2026-08-27 16:51:57,246.0,1.202,31.585,3.159,15.83,-0.08,STABLE,Rose_01,Rose
2026-08-27 16:51:58,246.0,1.202,31.585,3.159,15.83,0.0,STABLE,Rose_01,Rose
2026-08-27 16:51:59,245.0,1.197,31.755,3.176,15.75,-0.08,STABLE,Rose_01,Rose
2026-08-27 16:52:00,245.0,1.197,31.755,3.176,15.75,0.0,STABLE,Rose_01,Rose
2026-08-27 16:52:01,244.0,1.193,31.926,3.193,15.66,-0.08,STABLE,Rose_01,Rose
2026-08-27 16:52:02,243.0,1.188,32.099,3.21,15.58,-0.08,STABLE,Rose_01,Rose
2026-08-27 16:52:03,243.0,1.188,32.099,3.21,15.58,0.0,STABLE,Rose_01,Rose
2026-08-27 16:52:04,242.0,1.183,32.273,3.227,15.49,-0.08,STABLE,Rose_01,Rose
2026-08-27 16:52:05,242.0,1.183,32.273,3.227,15.49,0.0,STABLE,Rose_01,Rose
2026-08-27 16:52:06,241.0,1.178,32.448,3.245,15.41,-0.08,STABLE,Rose_01,Rose
2026-08-27 16:52:07,241.0,1.178,32.448,3.245,15.41,0.0,STABLE,Rose_01,Rose
2026-08-27 16:52:08,241.0,1.178,32.448,3.245,15.41,0.0,STABLE,Rose_01,Rose
2026-08-27 16:52:09,240.0,1.173,32.625,3.263,15.33,-0.08,STABLE,Rose_01,Rose
2026-08-27 16:52:10,240.0,1.173,32.625,3.263,15.33,0.0,STABLE,Rose_01,Rose
2026-08-27 16:52:11,240.0,1.173,32.625,3.263,15.33,0.0,STABLE,Rose_01,Rose
2026-08-27 16:52:12,239.0,1.168,32.803,3.28,15.24,-0.08,STABLE,Rose_01,Rose
2026-08-27 16:52:13,239.0,1.168,32.803,3.28,15.24,0.0,STABLE,Rose_01,Rose
2026-08-27 16:52:14,239.0,1.168,32.803,3.28,15.24,0.0,STABLE,Rose_01,Rose
2026-08-27 16:52:15,239.0,1.168,32.803,3.28,15.24,0.0,STABLE,Rose_01,Rose
2026-08-27 16:52:16,239.0,1.168,32.803,3.28,15.24,0.0,STABLE,Rose_01,Rose
2026-08-27 16:52:17,239.0,1.168,32.803,3.28,15.24,0.0,STABLE,Rose_01,Rose
2026-08-27 16:52:18,238.0,1.163,32.983,3.298,15.16,-0.08,STABLE,Rose_01,Rose
2026-08-27 16:52:19,238.0,1.163,32.983,3.298,15.16,0.0,STABLE,Rose_01,Rose
2026-08-27 16:52:20,238.0,1.163,32.983,3.298,15.16,0.0,STABLE,Rose_01,Rose
2026-08-27 16:52:21,236.0,1.153,33.347,3.335,14.99,-0.17,STABLE,Rose_01,Rose
2026-08-27 16:52:22,237.0,1.158,33.165,3.316,15.08,0.08,STABLE,Rose_01,Rose
2026-08-27 16:52:23,236.0,1.153,33.347,3.335,14.99,-0.08,STABLE,Rose_01,Rose
2026-08-27 16:52:24,236.0,1.153,33.347,3.335,14.99,0.0,STABLE,Rose_01,Rose
2026-08-27 16:52:25,236.0,1.153,33.347,3.335,14.99,0.0,STABLE,Rose_01,Rose
2026-08-27 16:52:26,236.0,1.153,33.347,3.335,14.99,0.0,STABLE,Rose_01,Rose
2026-08-27 16:52:27,236.0,1.153,33.347,3.335,14.99,0.0,STABLE,Rose_01,Rose
2026-08-27 16:52:28,236.0,1.153,33.347,3.335,14.99,0.0,STABLE,Rose_01,Rose
2026-08-27 16:52:29,236.0,1.153,33.347,3.335,14.99,0.0,STABLE,Rose_01,Rose
2026-08-27 16:52:30,236.0,1.153,33.347,3.335,14.99,0.0,STABLE,Rose_01,Rose
2026-08-27 16:52:31,236.0,1.153,33.347,3.335,14.99,0.0,STABLE,Rose_01,Rose
2026-08-27 16:52:32,235.0,1.149,33.532,3.353,14.91,-0.08,STABLE,Rose_01,Rose
2026-08-27 16:52:33,235.0,1.149,33.532,3.353,14.91,0.0,STABLE,Rose_01,Rose
2026-08-27 16:52:34,235.0,1.149,33.532,3.353,14.91,0.0,STABLE,Rose_01,Rose
2026-08-27 16:52:35,234.0,1.144,33.718,3.372,14.83,-0.08,STABLE,Rose_01,Rose
2026-08-27 16:52:36,234.0,1.144,33.718,3.372,14.83,0.0,STABLE,Rose_01,Rose
2026-08-27 16:52:37,233.0,1.139,33.906,3.391,14.75,-0.08,STABLE,Rose_01,Rose
2026-08-27 16:52:38,233.0,1.139,33.906,3.391,14.75,0.0,STABLE,Rose_01,Rose
2026-08-27 16:52:39,232.0,1.134,34.095,3.409,14.66,-0.08,STABLE,Rose_01,Rose
2026-08-27 16:52:40,232.0,1.134,34.095,3.409,14.66,0.0,STABLE,Rose_01,Rose
2026-08-27 16:52:41,232.0,1.134,34.095,3.409,14.66,0.0,STABLE,Rose_01,Rose
2026-08-27 16:52:42,232.0,1.134,34.095,3.409,14.66,0.0,STABLE,Rose_01,Rose
2026-08-27 16:52:43,232.0,1.134,34.095,3.409,14.66,0.0,STABLE,Rose_01,Rose
2026-08-27 16:52:44,231.0,1.129,34.286,3.429,14.58,-0.08,STABLE,Rose_01,Rose
2026-08-27 16:52:45,232.0,1.134,34.095,3.409,14.66,0.08,STABLE,Rose_01,Rose
2026-08-27 16:52:46,232.0,1.134,34.095,3.409,14.66,0.0,STABLE,Rose_01,Rose
2026-08-27 16:52:47,232.0,1.134,34.095,3.409,14.66,0.0,STABLE,Rose_01,Rose
2026-08-27 16:52:48,232.0,1.134,34.095,3.409,14.66,0.0,STABLE,Rose_01,Rose
2026-08-27 16:52:49,232.0,1.134,34.095,3.409,14.66,0.0,STABLE,Rose_01,Rose
2026-08-27 16:52:50,231.0,1.129,34.286,3.429,14.58,-0.08,STABLE,Rose_01,Rose
2026-08-27 16:52:51,231.0,1.129,34.286,3.429,14.58,0.0,STABLE,Rose_01,Rose
2026-08-27 16:52:52,231.0,1.129,34.286,3.429,14.58,0.0,STABLE,Rose_01,Rose
2026-08-27 16:52:53,230.0,1.124,34.478,3.448,14.5,-0.08,STABLE,Rose_01,Rose
2026-08-27 16:52:54,231.0,1.129,34.286,3.429,14.58,0.08,STABLE,Rose_01,Rose
2026-08-27 16:52:55,231.0,1.129,34.286,3.429,14.58,0.0,STABLE,Rose_01,Rose
2026-08-27 16:52:56,230.0,1.124,34.478,3.448,14.5,-0.08,STABLE,Rose_01,Rose
2026-08-27 16:52:57,230.0,1.124,34.478,3.448,14.5,0.0,STABLE,Rose_01,Rose
2026-08-27 16:52:58,230.0,1.124,34.478,3.448,14.5,0.0,STABLE,Rose_01,Rose
2026-08-27 16:52:59,230.0,1.124,34.478,3.448,14.5,0.0,STABLE,Rose_01,Rose
2026-08-27 16:53:00,230.0,1.124,34.478,3.448,14.5,0.0,STABLE,Rose_01,Rose
2026-08-27 16:53:01,230.0,1.124,34.478,3.448,14.5,0.0,STABLE,Rose_01,Rose
2026-08-27 16:53:02,230.0,1.124,34.478,3.448,14.5,0.0,STABLE,Rose_01,Rose
2026-08-27 16:53:03,230.0,1.124,34.478,3.448,14.5,0.0,STABLE,Rose_01,Rose
2026-08-27 16:53:04,230.0,1.124,34.478,3.448,14.5,0.0,STABLE,Rose_01,Rose
2026-08-27 16:53:05,230.0,1.124,34.478,3.448,14.5,0.0,STABLE,Rose_01,Rose
2026-08-27 16:53:06,230.0,1.124,34.478,3.448,14.5,0.0,STABLE,Rose_01,Rose
2026-08-27 16:53:07,230.0,1.124,34.478,3.448,14.5,0.0,STABLE,Rose_01,Rose
2026-08-27 16:53:08,231.0,1.129,34.286,3.429,14.58,0.08,STABLE,Rose_01,Rose
2026-08-27 16:53:09,231.0,1.129,34.286,3.429,14.58,0.0,STABLE,Rose_01,Rose
2026-08-27 16:53:10,231.0,1.129,34.286,3.429,14.58,0.0,STABLE,Rose_01,Rose
2026-08-27 16:53:11,231.0,1.129,34.286,3.429,14.58,0.0,STABLE,Rose_01,Rose
2026-08-27 16:53:12,231.0,1.129,34.286,3.429,14.58,0.0,STABLE,Rose_01,Rose
2026-08-27 16:53:13,231.0,1.129,34.286,3.429,14.58,0.0,STABLE,Rose_01,Rose
2026-08-27 16:53:14,231.0,1.129,34.286,3.429,14.58,0.0,STABLE,Rose_01,Rose
2026-08-27 16:53:15,231.0,1.129,34.286,3.429,14.58,0.0,STABLE,Rose_01,Rose
2026-08-27 16:53:16,230.0,1.124,34.478,3.448,14.5,-0.08,STABLE,Rose_01,Rose
2026-08-27 16:53:17,231.0,1.129,34.286,3.429,14.58,0.08,STABLE,Rose_01,Rose
2026-08-27 16:53:18,231.0,1.129,34.286,3.429,14.58,0.0,STABLE,Rose_01,Rose
2026-08-27 16:53:19,231.0,1.129,34.286,3.429,14.58,0.0,STABLE,Rose_01,Rose
2026-08-27 16:53:20,231.0,1.129,34.286,3.429,14.58,0.0,STABLE,Rose_01,Rose
2026-08-27 16:53:21,231.0,1.129,34.286,3.429,14.58,0.0,STABLE,Rose_01,Rose
2026-08-27 16:53:22,230.0,1.124,34.478,3.448,14.5,-0.08,STABLE,Rose_01,Rose
2026-08-27 16:53:23,230.0,1.124,34.478,3.448,14.5,0.0,STABLE,Rose_01,Rose
2026-08-27 16:53:24,230.0,1.124,34.478,3.448,14.5,0.0,STABLE,Rose_01,Rose
2026-08-27 16:53:25,229.0,1.119,34.672,3.467,14.42,-0.08,STABLE,Rose_01,Rose
2026-08-27 16:53:26,230.0,1.124,34.478,3.448,14.5,0.08,STABLE,Rose_01,Rose
2026-08-27 16:53:27,230.0,1.124,34.478,3.448,14.5,0.0,STABLE,Rose_01,Rose
2026-08-27 16:53:28,230.0,1.124,34.478,3.448,14.5,0.0,STABLE,Rose_01,Rose
2026-08-27 16:53:29,230.0,1.124,34.478,3.448,14.5,0.0,STABLE,Rose_01,Rose
2026-08-27 16:53:30,230.0,1.124,34.478,3.448,14.5,0.0,STABLE,Rose_01,Rose
2026-08-27 16:53:31,230.0,1.124,34.478,3.448,14.5,0.0,STABLE,Rose_01,Rose
2026-08-27 16:53:32,230.0,1.124,34.478,3.448,14.5,0.0,STABLE,Rose_01,Rose
2026-08-27 16:53:33,230.0,1.124,34.478,3.448,14.5,0.0,STABLE,Rose_01,Rose
2026-08-27 16:53:34,230.0,1.124,34.478,3.448,14.5,0.0,STABLE,Rose_01,Rose
2026-08-27 16:53:35,231.0,1.129,34.286,3.429,14.58,0.08,STABLE,Rose_01,Rose
2026-08-27 16:53:36,230.0,1.124,34.478,3.448,14.5,-0.08,STABLE,Rose_01,Rose
2026-08-27 16:53:37,230.0,1.124,34.478,3.448,14.5,0.0,STABLE,Rose_01,Rose
2026-08-27 16:53:38,230.0,1.124,34.478,3.448,14.5,0.0,STABLE,Rose_01,Rose
2026-08-27 16:53:39,230.0,1.124,34.478,3.448,14.5,0.0,STABLE,Rose_01,Rose
2026-08-27 16:53:40,230.0,1.124,34.478,3.448,14.5,0.0,STABLE,Rose_01,Rose
2026-08-27 16:53:41,230.0,1.124,34.478,3.448,14.5,0.0,STABLE,Rose_01,Rose
2026-08-27 16:53:42,231.0,1.129,34.286,3.429,14.58,0.08,STABLE,Rose_01,Rose
2026-08-27 16:53:43,231.0,1.129,34.286,3.429,14.58,0.0,STABLE,Rose_01,Rose
2026-08-27 16:53:44,231.0,1.129,34.286,3.429,14.58,0.0,STABLE,Rose_01,Rose
2026-08-27 16:53:45,231.0,1.129,34.286,3.429,14.58,0.0,STABLE,Rose_01,Rose
2026-08-27 16:53:46,231.0,1.129,34.286,3.429,14.58,0.0,STABLE,Rose_01,Rose
2026-08-27 16:53:47,231.0,1.129,34.286,3.429,14.58,0.0,STABLE,Rose_01,Rose
2026-08-27 16:53:48,231.0,1.129,34.286,3.429,14.58,0.0,STABLE,Rose_01,Rose
2026-08-27 16:53:49,231.0,1.129,34.286,3.429,14.58,0.0,STABLE,Rose_01,Rose
2026-08-27 16:53:50,231.0,1.129,34.286,3.429,14.58,0.0,STABLE,Rose_01,Rose
2026-08-27 16:53:51,231.0,1.129,34.286,3.429,14.58,0.0,STABLE,Rose_01,Rose
2026-08-27 16:53:52,231.0,1.129,34.286,3.429,14.58,0.0,STABLE,Rose_01,Rose
2026-08-27 16:53:53,231.0,1.129,34.286,3.429,14.58,0.0,STABLE,Rose_01,Rose
2026-08-27 16:53:54,231.0,1.129,34.286,3.429,14.58,0.0,STABLE,Rose_01,Rose
2026-08-27 16:53:55,231.0,1.129,34.286,3.429,14.58,0.0,STABLE,Rose_01,Rose
2026-08-27 16:53:56,231.0,1.129,34.286,3.429,14.58,0.0,STABLE,Rose_01,Rose
2026-08-27 16:53:57,230.0,1.124,34.478,3.448,14.5,-0.08,STABLE,Rose_01,Rose
2026-08-27 16:53:58,231.0,1.129,34.286,3.429,14.58,0.08,STABLE,Rose_01,Rose
2026-08-27 16:53:59,231.0,1.129,34.286,3.429,14.58,0.0,STABLE,Rose_01,Rose
2026-08-27 16:54:00,231.0,1.129,34.286,3.429,14.58,0.0,STABLE,Rose_01,Rose
2026-08-27 16:54:01,230.0,1.124,34.478,3.448,14.5,-0.08,STABLE,Rose_01,Rose
2026-08-27 16:54:02,230.0,1.124,34.478,3.448,14.5,0.0,STABLE,Rose_01,Rose
2026-08-27 16:54:03,230.0,1.124,34.478,3.448,14.5,0.0,STABLE,Rose_01,Rose
2026-08-27 16:54:04,230.0,1.124,34.478,3.448,14.5,0.0,STABLE,Rose_01,Rose
2026-08-27 16:54:05,229.0,1.119,34.672,3.467,14.42,-0.08,STABLE,Rose_01,Rose
2026-08-27 16:54:06,229.0,1.119,34.672,3.467,14.42,0.0,STABLE,Rose_01,Rose
2026-08-27 16:54:07,229.0,1.119,34.672,3.467,14.42,0.0,STABLE,Rose_01,Rose
2026-08-27 16:54:08,229.0,1.119,34.672,3.467,14.42,0.0,STABLE,Rose_01,Rose
2026-08-27 16:54:09,229.0,1.119,34.672,3.467,14.42,0.0,STABLE,Rose_01,Rose
2026-08-27 16:54:10,229.0,1.119,34.672,3.467,14.42,0.0,STABLE,Rose_01,Rose
2026-08-27 16:54:11,229.0,1.119,34.672,3.467,14.42,0.0,STABLE,Rose_01,Rose
2026-08-27 16:54:12,229.0,1.119,34.672,3.467,14.42,0.0,STABLE,Rose_01,Rose
2026-08-27 16:54:13,229.0,1.119,34.672,3.467,14.42,0.0,STABLE,Rose_01,Rose
2026-08-27 16:54:14,229.0,1.119,34.672,3.467,14.42,0.0,STABLE,Rose_01,Rose
2026-08-27 16:54:15,229.0,1.119,34.672,3.467,14.42,0.0,STABLE,Rose_01,Rose
2026-08-27 16:54:16,229.0,1.119,34.672,3.467,14.42,0.0,STABLE,Rose_01,Rose
2026-08-27 16:54:17,229.0,1.119,34.672,3.467,14.42,0.0,STABLE,Rose_01,Rose
2026-08-27 16:54:18,229.0,1.119,34.672,3.467,14.42,0.0,STABLE,Rose_01,Rose
2026-08-27 16:54:19,229.0,1.119,34.672,3.467,14.42,0.0,STABLE,Rose_01,Rose
2026-08-27 16:54:20,229.0,1.119,34.672,3.467,14.42,0.0,STABLE,Rose_01,Rose
2026-08-27 16:54:21,229.0,1.119,34.672,3.467,14.42,0.0,STABLE,Rose_01,Rose
2026-08-27 16:54:22,229.0,1.119,34.672,3.467,14.42,0.0,STABLE,Rose_01,Rose
2026-08-27 16:54:23,229.0,1.119,34.672,3.467,14.42,0.0,STABLE,Rose_01,Rose
2026-08-27 16:54:24,229.0,1.119,34.672,3.467,14.42,0.0,STABLE,Rose_01,Rose
2026-08-27 16:54:25,228.0,1.114,34.868,3.487,14.34,-0.08,STABLE,Rose_01,Rose
2026-08-27 16:54:26,228.0,1.114,34.868,3.487,14.34,0.0,STABLE,Rose_01,Rose
2026-08-27 16:54:27,229.0,1.119,34.672,3.467,14.42,0.08,STABLE,Rose_01,Rose
2026-08-27 16:54:28,229.0,1.119,34.672,3.467,14.42,0.0,STABLE,Rose_01,Rose
2026-08-27 16:54:29,228.0,1.114,34.868,3.487,14.34,-0.08,STABLE,Rose_01,Rose
2026-08-27 16:54:30,229.0,1.119,34.672,3.467,14.42,0.08,STABLE,Rose_01,Rose
2026-08-27 16:54:31,229.0,1.119,34.672,3.467,14.42,0.0,STABLE,Rose_01,Rose
2026-08-27 16:54:32,229.0,1.119,34.672,3.467,14.42,0.0,STABLE,Rose_01,Rose
2026-08-27 16:54:33,229.0,1.119,34.672,3.467,14.42,0.0,STABLE,Rose_01,Rose
2026-08-27 16:54:34,229.0,1.119,34.672,3.467,14.42,0.0,STABLE,Rose_01,Rose
2026-08-27 16:54:35,229.0,1.119,34.672,3.467,14.42,0.0,STABLE,Rose_01,Rose
2026-08-27 16:54:36,229.0,1.119,34.672,3.467,14.42,0.0,STABLE,Rose_01,Rose
2026-08-27 16:54:37,229.0,1.119,34.672,3.467,14.42,0.0,STABLE,Rose_01,Rose
2026-08-27 16:54:38,229.0,1.119,34.672,3.467,14.42,0.0,STABLE,Rose_01,Rose
2026-08-27 16:54:39,229.0,1.119,34.672,3.467,14.42,0.0,STABLE,Rose_01,Rose
2026-08-27 16:54:40,229.0,1.119,34.672,3.467,14.42,0.0,STABLE,Rose_01,Rose
2026-08-27 16:54:41,229.0,1.119,34.672,3.467,14.42,0.0,STABLE,Rose_01,Rose
2026-08-27 16:54:42,229.0,1.119,34.672,3.467,14.42,0.0,STABLE,Rose_01,Rose
2026-08-27 16:54:43,229.0,1.119,34.672,3.467,14.42,0.0,STABLE,Rose_01,Rose
2026-08-27 16:54:44,229.0,1.119,34.672,3.467,14.42,0.0,STABLE,Rose_01,Rose
2026-08-27 16:54:45,229.0,1.119,34.672,3.467,14.42,0.0,STABLE,Rose_01,Rose
2026-08-27 16:54:46,228.0,1.114,34.868,3.487,14.34,-0.08,STABLE,Rose_01,Rose
2026-08-27 16:54:47,228.0,1.114,34.868,3.487,14.34,0.0,STABLE,Rose_01,Rose
2026-08-27 16:54:48,228.0,1.114,34.868,3.487,14.34,0.0,STABLE,Rose_01,Rose
2026-08-27 16:54:49,228.0,1.114,34.868,3.487,14.34,0.0,STABLE,Rose_01,Rose
2026-08-27 16:54:50,228.0,1.114,34.868,3.487,14.34,0.0,STABLE,Rose_01,Rose
2026-08-27 16:54:51,228.0,1.114,34.868,3.487,14.34,0.0,STABLE,Rose_01,Rose
2026-08-27 16:54:52,228.0,1.114,34.868,3.487,14.34,0.0,STABLE,Rose_01,Rose
2026-08-27 16:54:53,228.0,1.114,34.868,3.487,14.34,0.0,STABLE,Rose_01,Rose
2026-08-27 16:54:54,228.0,1.114,34.868,3.487,14.34,0.0,STABLE,Rose_01,Rose
2026-08-27 16:54:55,228.0,1.114,34.868,3.487,14.34,0.0,STABLE,Rose_01,Rose
2026-08-27 16:54:56,228.0,1.114,34.868,3.487,14.34,0.0,STABLE,Rose_01,Rose
2026-08-27 16:54:57,228.0,1.114,34.868,3.487,14.34,0.0,STABLE,Rose_01,Rose
2026-08-27 16:54:58,228.0,1.114,34.868,3.487,14.34,0.0,STABLE,Rose_01,Rose
2026-08-27 16:54:59,228.0,1.114,34.868,3.487,14.34,0.0,STABLE,Rose_01,Rose
2026-08-27 16:55:00,228.0,1.114,34.868,3.487,14.34,0.0,STABLE,Rose_01,Rose
2026-08-27 16:55:01,228.0,1.114,34.868,3.487,14.34,0.0,STABLE,Rose_01,Rose
2026-08-27 16:55:02,228.0,1.114,34.868,3.487,14.34,0.0,STABLE,Rose_01,Rose
2026-08-27 16:55:03,228.0,1.114,34.868,3.487,14.34,0.0,STABLE,Rose_01,Rose
2026-08-27 16:55:04,228.0,1.114,34.868,3.487,14.34,0.0,STABLE,Rose_01,Rose
2026-08-27 16:55:05,228.0,1.114,34.868,3.487,14.34,0.0,STABLE,Rose_01,Rose
2026-08-27 16:55:06,229.0,1.119,34.672,3.467,14.42,0.08,STABLE,Rose_01,Rose
2026-08-27 16:55:07,228.0,1.114,34.868,3.487,14.34,-0.08,STABLE,Rose_01,Rose
2026-08-27 16:55:08,228.0,1.114,34.868,3.487,14.34,0.0,STABLE,Rose_01,Rose
2026-08-27 16:55:09,228.0,1.114,34.868,3.487,14.34,0.0,STABLE,Rose_01,Rose
2026-08-27 16:55:10,228.0,1.114,34.868,3.487,14.34,0.0,STABLE,Rose_01,Rose
2026-08-27 16:55:11,227.0,1.109,35.066,3.507,14.26,-0.08,STABLE,Rose_01,Rose
2026-08-27 16:55:12,228.0,1.114,34.868,3.487,14.34,0.08,STABLE,Rose_01,Rose
2026-08-27 16:55:13,227.0,1.109,35.066,3.507,14.26,-0.08,STABLE,Rose_01,Rose
2026-08-27 16:55:14,227.0,1.109,35.066,3.507,14.26,0.0,STABLE,Rose_01,Rose
2026-08-27 16:55:15,227.0,1.109,35.066,3.507,14.26,0.0,STABLE,Rose_01,Rose
2026-08-27 16:55:16,227.0,1.109,35.066,3.507,14.26,0.0,STABLE,Rose_01,Rose
2026-08-27 16:55:17,227.0,1.109,35.066,3.507,14.26,0.0,STABLE,Rose_01,Rose
2026-08-27 16:55:18,227.0,1.109,35.066,3.507,14.26,0.0,STABLE,Rose_01,Rose
2026-08-27 16:55:19,227.0,1.109,35.066,3.507,14.26,0.0,STABLE,Rose_01,Rose
2026-08-27 16:55:20,227.0,1.109,35.066,3.507,14.26,0.0,STABLE,Rose_01,Rose
2026-08-27 16:55:21,227.0,1.109,35.066,3.507,14.26,0.0,STABLE,Rose_01,Rose
2026-08-27 16:55:22,227.0,1.109,35.066,3.507,14.26,0.0,STABLE,Rose_01,Rose
2026-08-27 16:55:23,227.0,1.109,35.066,3.507,14.26,0.0,STABLE,Rose_01,Rose
2026-08-27 16:55:24,227.0,1.109,35.066,3.507,14.26,0.0,STABLE,Rose_01,Rose
2026-08-27 16:55:25,226.0,1.105,35.265,3.527,14.18,-0.08,STABLE,Rose_01,Rose
2026-08-27 16:55:26,226.0,1.105,35.265,3.527,14.18,0.0,STABLE,Rose_01,Rose
2026-08-27 16:55:27,227.0,1.109,35.066,3.507,14.26,0.08,STABLE,Rose_01,Rose
2026-08-27 16:55:28,226.0,1.105,35.265,3.527,14.18,-0.08,STABLE,Rose_01,Rose
2026-08-27 16:55:29,226.0,1.105,35.265,3.527,14.18,0.0,STABLE,Rose_01,Rose
2026-08-27 16:55:30,226.0,1.105,35.265,3.527,14.18,0.0,STABLE,Rose_01,Rose
2026-08-27 16:55:31,226.0,1.105,35.265,3.527,14.18,0.0,STABLE,Rose_01,Rose
2026-08-27 16:55:32,226.0,1.105,35.265,3.527,14.18,0.0,STABLE,Rose_01,Rose
2026-08-27 16:55:33,225.0,1.1,35.467,3.547,14.1,-0.08,STABLE,Rose_01,Rose
2026-08-27 16:55:34,226.0,1.105,35.265,3.527,14.18,0.08,STABLE,Rose_01,Rose
2026-08-27 16:55:35,226.0,1.105,35.265,3.527,14.18,0.0,STABLE,Rose_01,Rose
2026-08-27 16:55:36,226.0,1.105,35.265,3.527,14.18,0.0,STABLE,Rose_01,Rose
2026-08-27 16:55:37,225.0,1.1,35.467,3.547,14.1,-0.08,STABLE,Rose_01,Rose
2026-08-27 16:55:38,226.0,1.105,35.265,3.527,14.18,0.08,STABLE,Rose_01,Rose
2026-08-27 16:55:39,225.0,1.1,35.467,3.547,14.1,-0.08,STABLE,Rose_01,Rose
2026-08-27 16:55:40,225.0,1.1,35.467,3.547,14.1,0.0,STABLE,Rose_01,Rose
2026-08-27 16:55:41,224.0,1.095,35.67,3.567,14.02,-0.08,STABLE,Rose_01,Rose
2026-08-27 16:55:42,224.0,1.095,35.67,3.567,14.02,0.0,STABLE,Rose_01,Rose
2026-08-27 16:55:43,225.0,1.1,35.467,3.547,14.1,0.08,STABLE,Rose_01,Rose
2026-08-27 16:55:44,225.0,1.1,35.467,3.547,14.1,0.0,STABLE,Rose_01,Rose
2026-08-27 16:55:45,224.0,1.095,35.67,3.567,14.02,-0.08,STABLE,Rose_01,Rose
2026-08-27 16:55:46,224.0,1.095,35.67,3.567,14.02,0.0,STABLE,Rose_01,Rose
2026-08-27 16:55:47,224.0,1.095,35.67,3.567,14.02,0.0,STABLE,Rose_01,Rose
2026-08-27 16:55:48,224.0,1.095,35.67,3.567,14.02,0.0,STABLE,Rose_01,Rose
2026-08-27 16:55:49,224.0,1.095,35.67,3.567,14.02,0.0,STABLE,Rose_01,Rose
2026-08-27 16:55:50,224.0,1.095,35.67,3.567,14.02,0.0,STABLE,Rose_01,Rose
2026-08-27 16:55:51,224.0,1.095,35.67,3.567,14.02,0.0,STABLE,Rose_01,Rose
2026-08-27 16:55:52,224.0,1.095,35.67,3.567,14.02,0.0,STABLE,Rose_01,Rose
2026-08-27 16:55:53,224.0,1.095,35.67,3.567,14.02,0.0,STABLE,Rose_01,Rose
2026-08-27 16:55:54,224.0,1.095,35.67,3.567,14.02,0.0,STABLE,Rose_01,Rose
2026-08-27 16:55:55,224.0,1.095,35.67,3.567,14.02,0.0,STABLE,Rose_01,Rose
2026-08-27 16:55:56,224.0,1.095,35.67,3.567,14.02,0.0,STABLE,Rose_01,Rose
2026-08-27 16:55:57,224.0,1.095,35.67,3.567,14.02,0.0,STABLE,Rose_01,Rose
2026-08-27 16:55:58,224.0,1.095,35.67,3.567,14.02,0.0,STABLE,Rose_01,Rose
2026-08-27 16:55:59,224.0,1.095,35.67,3.567,14.02,0.0,STABLE,Rose_01,Rose
2026-08-27 16:56:00,224.0,1.095,35.67,3.567,14.02,0.0,STABLE,Rose_01,Rose
2026-08-27 16:56:01,224.0,1.095,35.67,3.567,14.02,0.0,STABLE,Rose_01,Rose
2026-08-27 16:56:02,224.0,1.095,35.67,3.567,14.02,0.0,STABLE,Rose_01,Rose
2026-08-27 16:56:03,224.0,1.095,35.67,3.567,14.02,0.0,STABLE,Rose_01,Rose
2026-08-27 16:56:04,223.0,1.09,35.874,3.587,13.94,-0.08,STABLE,Rose_01,Rose
2026-08-27 16:56:05,223.0,1.09,35.874,3.587,13.94,0.0,STABLE,Rose_01,Rose
2026-08-27 16:56:06,224.0,1.095,35.67,3.567,14.02,0.08,STABLE,Rose_01,Rose
2026-08-27 16:56:07,224.0,1.095,35.67,3.567,14.02,0.0,STABLE,Rose_01,Rose
2026-08-27 16:56:30,224.0,1.095,35.67,3.567,14.02,0.0,STABLE,Rose_01,Rose
2026-08-27 16:56:30,223.0,1.09,35.874,3.587,13.94,-0.08,STABLE,Rose_01,Rose
2026-08-27 16:56:30,223.0,1.09,35.874,3.587,13.94,0.0,STABLE,Rose_01,Rose
2026-08-27 16:56:30,223.0,1.09,35.874,3.587,13.94,0.0,STABLE,Rose_01,Rose
2026-08-27 16:56:30,223.0,1.09,35.874,3.587,13.94,0.0,STABLE,Rose_01,Rose
2026-08-27 16:56:30,223.0,1.09,35.874,3.587,13.94,0.0,STABLE,Rose_01,Rose
2026-08-27 16:56:30,223.0,1.09,35.874,3.587,13.94,0.0,STABLE,Rose_01,Rose
2026-08-27 16:56:30,223.0,1.09,35.874,3.587,13.94,0.0,STABLE,Rose_01,Rose
2026-08-27 16:56:30,224.0,1.095,35.67,3.567,14.02,0.08,STABLE,Rose_01,Rose
2026-08-27 16:56:30,224.0,1.095,35.67,3.567,14.02,0.0,STABLE,Rose_01,Rose
2026-08-27 16:56:30,223.0,1.09,35.874,3.587,13.94,-0.08,STABLE,Rose_01,Rose
2026-08-27 16:56:30,224.0,1.095,35.67,3.567,14.02,0.08,STABLE,Rose_01,Rose
2026-08-27 16:56:30,224.0,1.095,35.67,3.567,14.02,0.0,STABLE,Rose_01,Rose
2026-08-27 16:56:30,224.0,1.095,35.67,3.567,14.02,0.0,STABLE,Rose_01,Rose
2026-08-27 16:56:30,224.0,1.095,35.67,3.567,14.02,0.0,STABLE,Rose_01,Rose
2026-08-27 16:56:30,225.0,1.1,35.467,3.547,14.1,0.08,STABLE,Rose_01,Rose
2026-08-27 16:56:30,225.0,1.1,35.467,3.547,14.1,0.0,STABLE,Rose_01,Rose
2026-08-27 16:56:30,225.0,1.1,35.467,3.547,14.1,0.0,STABLE,Rose_01,Rose
2026-08-27 16:56:30,225.0,1.1,35.467,3.547,14.1,0.0,STABLE,Rose_01,Rose
2026-08-27 16:56:30,225.0,1.1,35.467,3.547,14.1,0.0,STABLE,Rose_01,Rose
2026-08-27 16:56:30,225.0,1.1,35.467,3.547,14.1,0.0,STVOC Index  : 14.10,Rose_01,Rose
2026-08-27 16:56:30,225.0,1.1,35.467,3.547,14.1,0.0,STABLE,Rose_01,Rose
2026-08-27 16:56:31,224.0,1.095,35.67,3.567,14.02,0.0,STABLE,Rose_01,Rose
2026-08-27 16:56:32,224.0,1.095,35.67,3.567,14.02,-0.08,STABLE,Rose_01,Rose
2026-08-27 16:56:33,223.0,1.09,35.874,3.587,13.94,0.0,STABLE,Rose_01,Rose
2026-08-27 16:56:34,223.0,1.09,35.874,3.587,13.94,-0.08,STABLE,Rose_01,Rose
2026-08-27 16:56:35,223.0,1.09,35.874,3.587,13.94,0.0,STABLE,Rose_01,Rose
2026-08-27 16:56:36,222.0,1.085,36.081,3.608,13.86,0.0,STABLE,Rose_01,Rose
2026-08-27 16:56:37,223.0,1.09,35.874,3.587,13.94,-0.08,STABLE,Rose_01,Rose
2026-08-27 16:56:38,223.0,1.09,35.874,3.587,13.94,0.08,STABLE,Rose_01,Rose
2026-08-27 16:56:39,223.0,1.09,35.874,3.587,13.94,0.0,STABLE,Rose_01,Rose
2026-08-27 16:56:40,223.0,1.09,35.874,3.587,13.94,0.0,STABLE,Rose_01,Rose
2026-08-27 16:56:41,223.0,1.09,35.874,3.587,13.94,0.0,STABLE,Rose_01,Rose
2026-08-27 16:56:42,223.0,1.09,35.874,3.587,13.94,0.0,STABLE,Rose_01,Rose
2026-08-27 16:56:43,223.0,1.09,35.874,3.587,13.94,0.0,STABLE,Rose_01,Rose
2026-08-27 16:56:44,223.0,1.09,35.874,3.587,13.94,0.0,STABLE,Rose_01,Rose
2026-08-27 16:56:45,222.0,1.085,36.081,3.608,13.86,0.0,STABLE,Rose_01,Rose
2026-08-27 16:56:46,223.0,1.09,35.874,3.587,13.94,-0.08,STABLE,Rose_01,Rose
2026-08-27 16:56:47,222.0,1.085,36.081,3.608,13.86,0.08,STABLE,Rose_01,Rose
2026-08-27 16:56:48,222.0,1.085,36.081,3.608,13.86,-0.08,STABLE,Rose_01,Rose
2026-08-27 16:56:49,222.0,1.085,36.081,3.608,13.86,0.0,STABLE,Rose_01,Rose
2026-08-27 16:56:50,222.0,1.085,36.081,3.608,13.86,0.0,STABLE,Rose_01,Rose
2026-08-27 16:56:51,222.0,1.085,36.081,3.608,13.86,0.0,STABLE,Rose_01,Rose
2026-08-27 16:56:52,222.0,1.085,36.081,3.608,13.86,0.0,STABLE,Rose_01,Rose
2026-08-27 16:56:53,222.0,1.085,36.081,3.608,13.86,0.0,STABLE,Rose_01,Rose
2026-08-27 16:56:54,222.0,1.085,36.081,3.608,13.86,0.0,STABLE,Rose_01,Rose
2026-08-27 16:56:55,223.0,1.09,35.874,3.587,13.94,0.0,STABLE,Rose_01,Rose
2026-08-27 16:56:56,223.0,1.09,35.874,3.587,13.94,0.08,STABLE,Rose_01,Rose
2026-08-27 16:56:57,224.0,1.095,35.67,3.567,14.02,0.0,STABLE,Rose_01,Rose
2026-08-27 16:56:58,224.0,1.095,35.67,3.567,14.02,0.08,STABLE,Rose_01,Rose
2026-08-27 16:56:59,224.0,1.095,35.67,3.567,14.02,0.0,STABLE,Rose_01,Rose
2026-08-27 16:57:00,225.0,1.1,35.467,3.547,14.1,0.0,STABLE,Rose_01,Rose
2026-08-27 16:57:01,225.0,1.1,35.467,3.547,14.1,0.08,STABLE,Rose_01,Rose
2026-08-27 16:57:02,225.0,1.1,35.467,3.547,14.1,0.0,STABLE,Rose_01,Rose
2026-08-27 16:57:03,225.0,1.1,35.467,3.547,14.1,0.0,STABLE,Rose_01,Rose
2026-08-27 16:57:04,225.0,1.1,35.467,3.547,14.1,0.0,STABLE,Rose_01,Rose
2026-08-27 16:57:05,226.0,1.105,35.265,3.527,14.18,0.0,STABLE,Rose_01,Rose
2026-08-27 16:57:06,226.0,1.105,35.265,3.527,14.18,0.08,STABLE,Rose_01,Rose
2026-08-27 16:57:07,226.0,1.105,35.265,3.527,14.18,0.0,STABLE,Rose_01,Rose
2026-08-27 16:57:08,225.0,1.1,35.467,3.547,14.1,0.0,STABLE,Rose_01,Rose
2026-08-27 16:57:09,226.0,1.105,35.265,3.527,14.18,-0.08,STABLE,Rose_01,Rose
2026-08-27 16:57:10,226.0,1.105,35.265,3.527,14.18,0.08,STABLE,Rose_01,Rose
2026-08-27 16:57:11,226.0,1.105,35.265,3.527,14.18,0.0,STABLE,Rose_01,Rose
2026-08-27 16:57:12,226.0,1.105,35.265,3.527,14.18,0.0,STABLE,Rose_01,Rose
2026-08-27 16:57:13,226.0,1.105,35.265,3.527,14.18,0.0,STABLE,Rose_01,Rose
2026-08-27 16:57:14,226.0,1.105,35.265,3.527,14.18,0.0,STABLE,Rose_01,Rose
