Timestamp,Phase,Raw_ADC,Voltage,Rs_kOhm,Rs_R0,Gas_Index,Delta_Index,Previous_Gas_Index,Rate_of_Change,Trend,ML_Prototype_ppm
2026-08-27 18:35:39,BASELINE,208.0,1.017,39.183,3.918,12.76,-0.08,12.84,-0.08,STABLE,0.4158
2026-08-27 18:35:39,BASELINE,208.0,1.017,39.183,3.918,12.76,0.0,12.76,0.0,STABLE,0.4158
2026-08-27 18:35:39,BASELINE,208.0,1.017,39.183,3.918,12.76,0.0,12.76,0.0,STABLE,0.4158
2026-08-27 18:35:40,BASELINE,207.0,1.012,39.42,3.942,12.68,-0.08,12.76,-0.08,STABLE,0.4158
2026-08-27 18:35:41,BASELINE,207.0,1.012,39.42,3.942,12.68,0.0,12.68,0.0,STABLE,0.4158
2026-08-27 18:35:42,BASELINE,207.0,1.012,39.42,3.942,12.68,0.0,12.68,0.0,STABLE,0.4158
2026-08-27 18:35:43,BASELINE,206.0,1.007,39.66,3.966,12.61,-0.08,12.69,-0.08,STABLE,0.4158
2026-08-27 18:35:44,BASELINE,204.0,0.997,40.147,4.015,12.45,-0.15,12.6,-0.15,STABLE,0.4158
2026-08-27 18:35:45,BASELINE,203.0,0.992,40.394,4.039,12.38,-0.08,12.46,-0.08,STABLE,0.4158
2026-08-27 18:35:46,BASELINE,204.0,0.997,40.147,4.015,12.45,0.08,12.37,0.08,STABLE,0.4158
2026-08-27 18:35:47,BASELINE,205.0,1.002,39.902,3.99,12.53,0.08,12.45,0.08,STABLE,0.4158
2026-08-27 18:35:48,BASELINE,206.0,1.007,39.66,3.966,12.61,0.08,12.53,0.08,STABLE,0.4158
2026-08-27 18:35:49,BASELINE,207.0,1.012,39.42,3.942,12.68,0.08,12.6,0.08,STABLE,0.4158
2026-08-27 18:35:50,BASELINE,206.0,1.007,39.66,3.966,12.61,-0.08,12.69,-0.08,STABLE,0.4158
2026-08-27 18:35:51,BASELINE,206.0,1.007,39.66,3.966,12.61,0.0,12.61,0.0,STABLE,0.4158
2026-08-27 18:35:52,BASELINE,207.0,1.012,39.42,3.942,12.68,0.08,12.6,0.08,STABLE,0.4158
2026-08-27 18:35:53,BASELINE,207.0,1.012,39.42,3.942,12.68,0.0,12.68,0.0,STABLE,0.4158
2026-08-27 18:35:54,BASELINE,207.0,1.012,39.42,3.942,12.68,0.0,12.68,0.0,STABLE,0.4158
2026-08-27 18:35:55,BASELINE,208.0,1.017,39.183,3.918,12.76,0.08,12.68,0.08,STABLE,0.4158
2026-08-27 18:35:56,BASELINE,208.0,1.017,39.183,3.918,12.76,0.0,12.76,0.0,STABLE,0.4158
2026-08-27 18:35:57,BASELINE,209.0,1.022,38.947,3.895,12.84,0.08,12.76,0.08,STABLE,0.4158
2026-08-27 18:35:58,BASELINE,209.0,1.022,38.947,3.895,12.84,0.0,12.84,0.0,STABLE,0.4158
2026-08-27 18:35:59,BASELINE,209.0,1.022,38.947,3.895,12.84,0.0,12.84,0.0,STABLE,0.4158
2026-08-27 18:36:00,BASELINE,209.0,1.022,38.947,3.895,12.84,0.0,12.84,0.0,STABLE,0.4158
2026-08-27 18:36:01,BASELINE,209.0,1.022,38.947,3.895,12.84,0.0,12.84,0.0,STABLE,0.4158
2026-08-27 18:36:02,BASELINE,210.0,1.026,38.714,3.871,12.92,0.08,12.84,0.08,STABLE,0.4158
2026-08-27 18:36:03,BASELINE,210.0,1.026,38.714,3.871,12.92,0.0,12.92,0.0,STABLE,0.4158
2026-08-27 18:36:04,BASELINE,209.0,1.022,38.947,3.895,12.84,-0.08,12.92,-0.08,STABLE,0.4158
2026-08-27 18:36:05,BASELINE,209.0,1.022,38.947,3.895,12.84,0.0,12.84,0.0,STABLE,0.4158
2026-08-27 18:36:06,BASELINE,210.0,1.026,38.714,3.871,12.92,0.08,12.84,0.08,STABLE,0.4158
2026-08-27 18:36:07,BASELINE,210.0,1.026,38.714,3.871,12.92,0.0,12.92,0.0,STABLE,0.4158
2026-08-27 18:36:08,BASELINE,210.0,1.026,38.714,3.871,12.92,0.0,12.92,0.0,STABLE,0.4158
2026-08-27 18:36:09,BASELINE,209.0,1.022,38.947,3.895,12.84,-0.08,12.92,-0.08,STABLE,0.4158
2026-08-27 18:36:10,ROSE_EXPOSURE,209.0,1.022,38.947,3.895,12.84,0.0,12.84,0.0,STABLE,0.4158
2026-08-27 18:36:12,ROSE_EXPOSURE,209.0,1.022,38.947,3.895,12.84,0.0,12.84,0.0,STABLE,0.4158
2026-08-27 18:36:12,ROSE_EXPOSURE,209.0,1.022,38.947,3.895,12.84,0.0,12.84,0.0,STABLE,0.4158
2026-08-27 18:36:13,ROSE_EXPOSURE,209.0,1.022,38.947,3.895,12.84,0.0,12.84,0.0,STABLE,0.4158
2026-08-27 18:36:14,ROSE_EXPOSURE,209.0,1.022,38.947,3.895,12.84,0.0,12.84,0.0,STABLE,0.4158
2026-08-27 18:36:15,ROSE_EXPOSURE,209.0,1.022,38.947,3.895,12.84,0.0,12.84,0.0,STABLE,0.4158
2026-08-27 18:36:16,ROSE_EXPOSURE,209.0,1.022,38.947,3.895,12.84,0.0,12.84,0.0,STABLE,0.4158
2026-08-27 18:36:17,ROSE_EXPOSURE,209.0,1.022,38.947,3.895,12.84,0.0,12.84,0.0,STABLE,0.4158
2026-08-27 18:36:18,ROSE_EXPOSURE,209.0,1.022,38.947,3.895,12.84,0.0,12.84,0.0,STABLE,0.4158
2026-08-27 18:36:19,ROSE_EXPOSURE,208.0,1.017,39.183,3.918,12.76,-0.08,12.84,-0.08,STABLE,0.4158
2026-08-27 18:36:20,TREATMENT,209.0,1.022,38.947,3.895,12.84,0.08,12.76,0.08,STABLE,0.4158
2026-08-27 18:36:21,TREATMENT,209.0,1.022,38.947,3.895,12.84,0.0,12.84,0.0,STABLE,0.4158
2026-08-27 18:36:22,TREATMENT,209.0,1.022,38.947,3.895,12.84,0.0,12.84,0.0,STABLE,0.4158
2026-08-27 18:36:23,TREATMENT,208.0,1.017,39.183,3.918,12.76,-0.08,12.84,-0.08,STABLE,0.4158
2026-08-27 18:36:24,TREATMENT,209.0,1.022,38.947,3.895,12.84,0.08,12.76,0.08,STABLE,0.4158
2026-08-27 18:36:25,TREATMENT,208.0,1.017,39.183,3.918,12.76,-0.08,12.84,-0.08,STABLE,0.4158
2026-08-27 18:36:26,TREATMENT,207.0,1.012,39.42,3.942,12.68,-0.08,12.76,-0.08,STABLE,0.4158
2026-08-27 18:36:27,RECOVERY,206.0,1.007,39.66,3.966,12.61,-0.08,12.69,-0.08,STABLE,0.4158
2026-08-27 18:36:28,RECOVERY,205.0,1.002,39.902,3.99,12.53,-0.08,12.61,-0.08,STABLE,0.4158
2026-08-27 18:36:29,RECOVERY,206.0,1.007,39.66,3.966,12.61,0.08,12.53,0.08,STABLE,0.4158
2026-08-27 18:36:30,RECOVERY,206.0,1.007,39.66,3.966,12.61,0.0,12.61,0.0,STABLE,0.4158
2026-08-27 18:36:31,RECOVERY,206.0,1.007,39.66,3.966,12.61,0.0,12.61,0.0,STABLE,0.4158
2026-08-27 18:36:32,RECOVERY,206.0,1.007,39.66,3.966,12.61,0.0,12.61,0.0,STABLE,0.4158
2026-08-27 18:36:33,RECOVERY,206.0,1.007,39.66,3.966,12.61,0.0,12.61,0.0,STABLE,0.4158
2026-08-27 18:36:34,RECOVERY,207.0,1.012,39.42,3.942,12.68,0.08,12.6,0.08,STABLE,0.4158
2026-08-27 18:36:35,RECOVERY,207.0,1.012,39.42,3.942,12.68,0.0,12.68,0.0,STABLE,0.4158
2026-08-27 18:36:36,RECOVERY,208.0,1.017,39.183,3.918,12.76,0.08,12.68,0.08,STABLE,0.4158
2026-08-27 18:36:37,RECOVERY,207.0,1.012,39.42,3.942,12.68,-0.08,12.76,-0.08,STABLE,0.4158
2026-08-27 18:36:38,RECOVERY,207.0,1.012,39.42,3.942,12.68,0.0,12.68,0.0,STABLE,0.4158
2026-08-27 18:36:39,RECOVERY,207.0,1.012,39.42,3.942,12.68,0.0,12.68,0.0,STABLE,0.4158
2026-08-27 18:36:40,RECOVERY,208.0,1.017,39.183,3.918,12.76,0.08,12.68,0.08,STABLE,0.4158
2026-08-27 18:36:41,RECOVERY,207.0,1.012,39.42,3.942,12.68,-0.08,12.76,-0.08,STABLE,0.4158
2026-08-27 18:36:42,RECOVERY,207.0,1.012,39.42,3.942,12.68,0.0,12.68,0.0,STABLE,0.4158
2026-08-27 18:36:43,RECOVERY,205.0,1.002,39.902,3.99,12.53,-0.15,12.68,-0.15,STABLE,0.4158
2026-08-27 18:36:44,RECOVERY,204.0,0.997,40.147,4.015,12.45,-0.08,12.53,-0.08,STABLE,0.4158
2026-08-27 18:36:45,RECOVERY,205.0,1.002,39.902,3.99,12.53,0.08,12.45,0.08,STABLE,0.4158
2026-08-27 18:36:46,RECOVERY,207.0,1.012,39.42,3.942,12.68,0.15,12.53,0.15,STABLE,0.4158
2026-08-27 18:36:47,RECOVERY,206.0,1.007,39.66,3.966,12.61,-0.08,12.69,-0.08,STABLE,0.4158
2026-08-27 18:36:48,RECOVERY,206.0,1.007,39.66,3.966,12.61,0.0,12.61,0.0,STABLE,0.4158
2026-08-27 18:36:49,RECOVERY,206.0,1.007,39.66,3.966,12.61,0.0,12.61,0.0,STABLE,0.4158
2026-08-27 18:36:50,RECOVERY,206.0,1.007,39.66,3.966,12.61,0.0,12.61,0.0,STABLE,0.4158
2026-08-27 18:36:51,RECOVERY,207.0,1.012,39.42,3.942,12.68,0.08,12.6,0.08,STABLE,0.4158
2026-08-27 18:36:52,RECOVERY,207.0,1.012,39.42,3.942,12.68,0.0,12.68,0.0,STABLE,0.4158
2026-08-27 18:36:53,RECOVERY,208.0,1.017,39.183,3.918,12.76,0.08,12.68,0.08,STABLE,0.4158
2026-08-27 18:36:54,RECOVERY,209.0,1.022,38.947,3.895,12.84,0.08,12.76,0.08,STABLE,0.4158
2026-08-27 18:36:55,RECOVERY,208.0,1.017,39.183,3.918,12.76,-0.08,12.84,-0.08,STABLE,0.4158
2026-08-27 18:36:56,RECOVERY,209.0,1.022,38.947,3.895,12.84,0.08,12.76,0.08,STABLE,0.4158
2026-08-27 18:36:57,RECOVERY,209.0,1.022,38.947,3.895,12.84,0.0,12.84,0.0,STABLE,0.4158
2026-08-27 18:36:58,RECOVERY,209.0,1.022,38.947,3.895,12.84,0.0,12.84,0.0,STABLE,0.4158
2026-08-27 18:36:59,RECOVERY,210.0,1.026,38.714,3.871,12.92,0.08,12.84,0.08,STABLE,0.4158
2026-08-27 18:37:00,RECOVERY,210.0,1.026,38.714,3.871,12.92,0.0,12.92,0.0,STABLE,0.4158
2026-08-27 18:37:01,RECOVERY,210.0,1.026,38.714,3.871,12.92,0.0,12.92,0.0,STABLE,0.4158
2026-08-27 18:37:02,RECOVERY,209.0,1.022,38.947,3.895,12.84,-0.08,12.92,-0.08,STABLE,0.4158
2026-08-27 18:37:03,RECOVERY,209.0,1.022,38.947,3.895,12.84,0.0,12.84,0.0,STABLE,0.4158
2026-08-27 18:37:04,RECOVERY,208.0,1.017,39.183,3.918,12.76,-0.08,12.84,-0.08,STABLE,0.4158
2026-08-27 18:37:05,RECOVERY,208.0,1.017,39.183,3.918,12.76,0.0,12.76,0.0,STABLE,0.4158
2026-08-27 18:37:06,RECOVERY,209.0,1.022,38.947,3.895,12.84,0.08,12.76,0.08,STABLE,0.4158
2026-08-27 18:37:07,RECOVERY,208.0,1.017,39.183,3.918,12.76,-0.08,12.84,-0.08,STABLE,0.4158
2026-08-27 18:37:08,RECOVERY,209.0,1.022,38.947,3.895,12.84,0.08,12.76,0.08,STABLE,0.4158
2026-08-27 18:37:09,RECOVERY,210.0,1.026,38.714,3.871,12.92,0.08,12.84,0.08,STABLE,0.4158
2026-08-27 18:37:10,RECOVERY,209.0,1.022,38.947,3.895,12.84,-0.08,12.92,-0.08,STABLE,0.4158
2026-08-27 18:37:11,RECOVERY,209.0,1.022,38.947,3.895,12.84,0.0,12.84,0.0,STABLE,0.4158
2026-08-27 18:37:12,RECOVERY,210.0,1.026,38.714,3.871,12.92,0.08,12.84,0.08,STABLE,0.4158
2026-08-27 18:37:13,RECOVERY,210.0,1.026,38.714,3.871,12.92,0.0,12.92,0.0,STABLE,0.4158
2026-08-27 18:37:14,RECOVERY,208.0,1.017,39.183,3.918,12.76,-0.15,12.91,-0.15,STABLE,0.4158
2026-08-27 18:37:15,RECOVERY,207.0,1.012,39.42,3.942,12.68,-0.08,12.76,-0.08,STABLE,0.4158
2026-08-27 18:37:16,RECOVERY,207.0,1.012,39.42,3.942,12.68,0.0,12.68,0.0,STABLE,0.4158
2026-08-27 18:37:17,RECOVERY,206.0,1.007,39.66,3.966,12.61,-0.08,12.69,-0.08,STABLE,0.4158
2026-08-27 18:37:18,RECOVERY,206.0,1.007,39.66,3.966,12.61,0.0,12.61,0.0,STABLE,0.4158
2026-08-27 18:37:19,RECOVERY,207.0,1.012,39.42,3.942,12.68,0.08,12.6,0.08,STABLE,0.4158
2026-08-27 18:37:20,RECOVERY,208.0,1.017,39.183,3.918,12.76,0.08,12.68,0.08,STABLE,0.4158
2026-08-27 18:37:21,RECOVERY,208.0,1.017,39.183,3.918,12.76,0.0,12.76,0.0,STABLE,0.4158
2026-08-27 18:37:22,RECOVERY,207.0,1.012,39.42,3.942,12.68,-0.08,12.76,-0.08,STABLE,0.4158
2026-08-27 18:37:23,RECOVERY,208.0,1.017,39.183,3.918,12.76,0.08,12.68,0.08,STABLE,0.4158
2026-08-27 18:37:24,RECOVERY,208.0,1.017,39.183,3.918,12.76,0.0,12.76,0.0,STABLE,0.4158
2026-08-27 18:37:25,RECOVERY,207.0,1.012,39.42,3.942,12.68,-0.08,12.76,-0.08,STABLE,0.4158
2026-08-27 18:37:26,RECOVERY,208.0,1.017,39.183,3.918,12.76,0.08,12.68,0.08,STABLE,0.4158
2026-08-27 18:37:27,RECOVERY,207.0,1.012,39.42,3.942,12.68,-0.08,12.76,-0.08,STABLE,0.4158
2026-08-27 18:37:28,RECOVERY,208.0,1.017,39.183,3.918,12.76,0.08,12.68,0.08,STABLE,0.4158
2026-08-27 18:37:29,RECOVERY,208.0,1.017,39.183,3.918,12.76,0.0,12.76,0.0,STABLE,0.4158
2026-08-27 18:37:30,RECOVERY,209.0,1.022,38.947,3.895,12.84,0.08,12.76,0.08,STABLE,0.4158
2026-08-27 18:37:31,RECOVERY,209.0,1.022,38.947,3.895,12.84,0.0,12.84,0.0,STABLE,0.4158
2026-08-27 18:37:32,RECOVERY,210.0,1.026,38.714,3.871,12.92,0.08,12.84,0.08,STABLE,0.4158
2026-08-27 18:37:33,RECOVERY,210.0,1.026,38.714,3.871,12.92,0.0,12.92,0.0,STABLE,0.4158
2026-08-27 18:37:34,RECOVERY,211.0,1.031,38.483,3.848,12.99,0.08,12.91,0.08,STABLE,0.4158
2026-08-27 18:37:35,RECOVERY,210.0,1.026,38.714,3.871,12.92,-0.08,13.0,-0.08,STABLE,0.4158
2026-08-27 18:37:36,RECOVERY,211.0,1.031,38.483,3.848,12.99,0.08,12.91,0.08,STABLE,0.4158
2026-08-27 18:37:37,RECOVERY,211.0,1.031,38.483,3.848,12.99,0.0,12.99,0.0,STABLE,0.4158
2026-08-27 18:37:38,RECOVERY,210.0,1.026,38.714,3.871,12.92,-0.08,13.0,-0.08,STABLE,0.4158
2026-08-27 18:37:39,RECOVERY,211.0,1.031,38.483,3.848,12.99,0.08,12.91,0.08,STABLE,0.4158
2026-08-27 18:37:40,RECOVERY,209.0,1.022,38.947,3.895,12.84,-0.15,12.99,-0.15,STABLE,0.4158
2026-08-27 18:37:41,RECOVERY,210.0,1.026,38.714,3.871,12.92,0.08,12.84,0.08,STABLE,0.4158
2026-08-27 18:37:42,RECOVERY,210.0,1.026,38.714,3.871,12.92,0.0,12.92,0.0,STABLE,0.4158
2026-08-27 18:37:43,RECOVERY,210.0,1.026,38.714,3.871,12.92,0.0,12.92,0.0,STABLE,0.4158
2026-08-27 18:37:44,RECOVERY,210.0,1.026,38.714,3.871,12.92,0.0,12.92,0.0,STABLE,0.4158
2026-08-27 18:37:45,RECOVERY,211.0,1.031,38.483,3.848,12.99,0.08,12.91,0.08,STABLE,0.4158
2026-08-27 18:37:46,RECOVERY,210.0,1.026,38.714,3.871,12.92,-0.08,13.0,-0.08,STABLE,0.4158
2026-08-27 18:37:47,RECOVERY,211.0,1.031,38.483,3.848,12.99,0.08,12.91,0.08,STABLE,0.4158
2026-08-27 18:37:48,RECOVERY,212.0,1.036,38.255,3.825,13.07,0.08,12.99,0.08,STABLE,0.4158
2026-08-27 18:37:49,RECOVERY,211.0,1.031,38.483,3.848,12.99,-0.08,13.07,-0.08,STABLE,0.4158
2026-08-27 18:37:50,RECOVERY,211.0,1.031,38.483,3.848,12.99,0.0,12.99,0.0,STABLE,0.4158
2026-08-27 18:37:51,RECOVERY,211.0,1.031,38.483,3.848,12.99,0.0,12.99,0.0,STABLE,0.4158
2026-08-27 18:37:52,RECOVERY,211.0,1.031,38.483,3.848,12.99,0.0,12.99,0.0,STABLE,0.4158
2026-08-27 18:37:53,RECOVERY,211.0,1.031,38.483,3.848,12.99,0.0,12.99,0.0,STABLE,0.4158
2026-08-27 18:37:54,RECOVERY,212.0,1.036,38.255,3.825,13.07,0.08,12.99,0.08,STABLE,0.4158
2026-08-27 18:37:55,RECOVERY,211.0,1.031,38.483,3.848,12.99,-0.08,13.07,-0.08,STABLE,0.4158
2026-08-27 18:37:56,RECOVERY,211.0,1.031,38.483,3.848,12.99,0.0,12.99,0.0,STABLE,0.4158
2026-08-27 18:37:57,RECOVERY,211.0,1.031,38.483,3.848,12.99,0.0,12.99,0.0,STABLE,0.4158
2026-08-27 18:37:58,RECOVERY,211.0,1.031,38.483,3.848,12.99,0.0,12.99,0.0,STABLE,0.4158
2026-08-27 18:37:59,RECOVERY,212.0,1.036,38.255,3.825,13.07,0.08,12.99,0.08,STABLE,0.4158
2026-08-27 18:38:00,RECOVERY,212.0,1.036,38.255,3.825,13.07,0.0,13.07,0.0,STABLE,0.4158
2026-08-27 18:38:01,RECOVERY,212.0,1.036,38.255,3.825,13.07,0.0,13.07,0.0,STABLE,0.4158
2026-08-27 18:38:02,RECOVERY,212.0,1.036,38.255,3.825,13.07,0.0,13.07,0.0,STABLE,0.4158
2026-08-27 18:38:03,RECOVERY,212.0,1.036,38.255,3.825,13.07,0.0,13.07,0.0,STABLE,0.4158
2026-08-27 18:38:04,RECOVERY,212.0,1.036,38.255,3.825,13.07,0.0,13.07,0.0,STABLE,0.4158
2026-08-27 18:38:05,RECOVERY,212.0,1.036,38.255,3.825,13.07,0.0,13.07,0.0,STABLE,0.4158
2026-08-27 18:38:06,RECOVERY,212.0,1.036,38.255,3.825,13.07,0.0,13.07,0.0,STABLE,0.4158
2026-08-27 18:38:07,RECOVERY,212.0,1.036,38.255,3.825,13.07,0.0,13.07,0.0,STABLE,0.4158
2026-08-27 18:38:08,RECOVERY,212.0,1.036,38.255,3.825,13.07,0.0,13.07,0.0,STABLE,0.4158
2026-08-27 18:38:09,RECOVERY,212.0,1.036,38.255,3.825,13.07,0.0,13.07,0.0,STABLE,0.4158
2026-08-27 18:38:10,RECOVERY,213.0,1.041,38.028,3.803,13.15,0.08,13.07,0.08,STABLE,0.4158
2026-08-27 18:38:11,RECOVERY,212.0,1.036,38.255,3.825,13.07,-0.08,13.15,-0.08,STABLE,0.4158
2026-08-27 18:38:12,RECOVERY,212.0,1.036,38.255,3.825,13.07,0.0,13.07,0.0,STABLE,0.4158
2026-08-27 18:38:13,RECOVERY,212.0,1.036,38.255,3.825,13.07,0.0,13.07,0.0,STABLE,0.4158
2026-08-27 18:38:14,RECOVERY,212.0,1.036,38.255,3.825,13.07,0.0,13.07,0.0,STABLE,0.4158
2026-08-27 18:38:15,RECOVERY,211.0,1.031,38.483,3.848,12.99,-0.08,13.07,-0.08,STABLE,0.4158
2026-08-27 18:38:16,RECOVERY,210.0,1.026,38.714,3.871,12.92,-0.08,13.0,-0.08,STABLE,0.4158
2026-08-27 18:38:17,RECOVERY,210.0,1.026,38.714,3.871,12.92,0.0,12.92,0.0,STABLE,0.4158
2026-08-27 18:38:18,RECOVERY,211.0,1.031,38.483,3.848,12.99,0.08,12.91,0.08,STABLE,0.4158
2026-08-27 18:38:19,RECOVERY,211.0,1.031,38.483,3.848,12.99,0.0,12.99,0.0,STABLE,0.4158
2026-08-27 18:38:20,RECOVERY,210.0,1.026,38.714,3.871,12.92,-0.08,13.0,-0.08,STABLE,0.4158
2026-08-27 18:38:21,RECOVERY,211.0,1.031,38.483,3.848,12.99,0.08,12.91,0.08,STABLE,0.4158
2026-08-27 18:38:22,RECOVERY,212.0,1.036,38.255,3.825,13.07,0.08,12.99,0.08,STABLE,0.4158
2026-08-27 18:38:34,BASELINE,212.0,1.036,38.255,3.825,13.07,0.08,12.99,0.08,STABLE,0.4158
2026-08-27 18:38:34,BASELINE,211.0,1.031,38.483,3.848,12.99,-0.08,13.07,-0.08,STABLE,0.4158
2026-08-27 18:38:34,BASELINE,211.0,1.031,38.483,3.848,12.99,0.0,12.99,0.0,STABLE,0.4158
2026-08-27 18:38:35,BASELINE,211.0,1.031,38.483,3.848,12.99,0.0,12.99,0.0,STABLE,0.4158
2026-08-27 18:38:36,BASELINE,211.0,1.031,38.483,3.848,12.99,0.0,12.99,0.0,STABLE,0.4158
2026-08-27 18:38:37,BASELINE,212.0,1.036,38.255,3.825,13.07,0.08,12.99,0.08,STABLE,0.4158
2026-08-27 18:38:38,BASELINE,212.0,1.036,38.255,3.825,13.07,0.0,13.07,0.0,STABLE,0.4158
2026-08-27 18:38:39,BASELINE,211.0,1.031,38.483,3.848,12.99,-0.08,13.07,-0.08,STABLE,0.4158
2026-08-27 18:38:40,BASELINE,212.0,1.036,38.255,3.825,13.07,0.08,12.99,0.08,STABLE,0.4158
2026-08-27 18:38:41,BASELINE,212.0,1.036,38.255,3.825,13.07,0.0,13.07,0.0,STABLE,0.4158
2026-08-27 18:38:42,BASELINE,212.0,1.036,38.255,3.825,13.07,0.0,13.07,0.0,STABLE,0.4158
2026-08-27 18:38:43,BASELINE,211.0,1.031,38.483,3.848,12.99,-0.08,13.07,-0.08,STABLE,0.4158
2026-08-27 18:38:44,BASELINE,211.0,1.031,38.483,3.848,12.99,0.0,12.99,0.0,STABLE,0.4158
2026-08-27 18:38:45,BASELINE,211.0,1.031,38.483,3.848,12.99,0.0,12.99,0.0,STABLE,0.4158
2026-08-27 18:38:46,BASELINE,211.0,1.031,38.483,3.848,12.99,0.0,12.99,0.0,STABLE,0.4158
2026-08-27 18:38:47,BASELINE,210.0,1.026,38.714,3.871,12.92,-0.08,13.0,-0.08,STABLE,0.4158
2026-08-27 18:38:48,BASELINE,208.0,1.017,39.183,3.918,12.76,-0.15,12.91,-0.15,STABLE,0.4158
2026-08-27 18:38:49,BASELINE,206.0,1.007,39.66,3.966,12.61,-0.15,12.76,-0.15,STABLE,0.4158
2026-08-27 18:38:50,BASELINE,207.0,1.012,39.42,3.942,12.68,0.08,12.6,0.08,STABLE,0.4158
2026-08-27 18:38:51,BASELINE,206.0,1.007,39.66,3.966,12.61,-0.08,12.69,-0.08,STABLE,0.4158
2026-08-27 18:38:52,BASELINE,207.0,1.012,39.42,3.942,12.68,0.08,12.6,0.08,STABLE,0.4158
2026-08-27 18:38:53,BASELINE,209.0,1.022,38.947,3.895,12.84,0.15,12.69,0.15,STABLE,0.4158
2026-08-27 18:38:54,BASELINE,208.0,1.017,39.183,3.918,12.76,-0.08,12.84,-0.08,STABLE,0.4158
2026-08-27 18:38:55,BASELINE,210.0,1.026,38.714,3.871,12.92,0.15,12.77,0.15,STABLE,0.4158
2026-08-27 18:38:56,BASELINE,210.0,1.026,38.714,3.871,12.92,0.0,12.92,0.0,STABLE,0.4158
2026-08-27 18:38:57,BASELINE,210.0,1.026,38.714,3.871,12.92,0.0,12.92,0.0,STABLE,0.4158
2026-08-27 18:38:58,BASELINE,210.0,1.026,38.714,3.871,12.92,0.0,12.92,0.0,STABLE,0.4158
2026-08-27 18:38:59,BASELINE,211.0,1.031,38.483,3.848,12.99,0.08,12.91,0.08,STABLE,0.4158
2026-08-27 18:39:00,BASELINE,212.0,1.036,38.255,3.825,13.07,0.08,12.99,0.08,STABLE,0.4158
2026-08-27 18:39:01,BASELINE,211.0,1.031,38.483,3.848,12.99,-0.08,13.07,-0.08,STABLE,0.4158
2026-08-27 18:39:02,BASELINE,211.0,1.031,38.483,3.848,12.99,0.0,12.99,0.0,STABLE,0.4158
2026-08-27 18:39:03,BASELINE,210.0,1.026,38.714,3.871,12.92,-0.08,13.0,-0.08,STABLE,0.4158
2026-08-27 18:39:59,BASELINE,289.0,1.413,25.398,2.54,19.69,-0.48,20.17,-0.48,STABLE,0.59
2026-08-27 18:39:59,BASELINE,299.0,1.461,24.214,2.421,20.65,0.96,19.689999999999998,0.96,INCREASING,0.6148
2026-08-27 18:40:00,BASELINE,296.0,1.447,24.561,2.456,20.36,-0.29,20.65,-0.29,STABLE,0.6114
2026-08-27 18:40:01,BASELINE,300.0,1.466,24.1,2.41,20.75,0.39,20.36,0.39,STABLE,0.6187
2026-08-27 18:40:02,BASELINE,302.0,1.476,23.874,2.387,20.94,0.2,20.740000000000002,0.2,STABLE,0.62
2026-08-27 18:40:03,BASELINE,305.0,1.491,23.541,2.354,21.24,0.3,20.939999999999998,0.3,STABLE,0.6382
2026-08-27 19:00:56,BASELINE,302.0,1.476,23.874,2.387,20.94,-0.1,21.040000000000003,-0.1,STABLE,0.618
2026-08-27 19:00:56,BASELINE,303.0,1.481,23.762,2.376,21.04,0.1,20.939999999999998,0.1,STABLE,0.6269
2026-08-27 19:00:56,BASELINE,300.0,1.466,24.1,2.41,20.75,-0.29,21.04,-0.29,STABLE,0.6176
2026-08-27 19:00:57,BASELINE,298.0,1.457,24.329,2.433,20.55,-0.2,20.75,-0.2,STABLE,0.6126
2026-08-27 19:00:58,BASELINE,297.0,1.452,24.444,2.444,20.45,-0.1,20.55,-0.1,STABLE,0.6114
2026-08-27 19:01:00,BASELINE,296.0,1.447,24.561,2.456,20.36,-0.1,20.46,-0.1,STABLE,0.6114
2026-08-27 19:01:01,BASELINE,292.0,1.427,25.034,2.503,19.97,-0.38,20.349999999999998,-0.38,STABLE,0.6093
2026-08-27 19:01:02,BASELINE,285.0,1.393,25.895,2.589,19.31,-0.66,19.97,-0.66,DECREASING,0.5819
2026-08-27 19:01:03,BASELINE,282.0,1.378,26.277,2.628,19.03,-0.28,19.310000000000002,-0.28,STABLE,0.572
2026-08-27 19:01:04,BASELINE,284.0,1.388,26.021,2.602,19.22,0.19,19.029999999999998,0.19,STABLE,0.5745
2026-08-27 19:01:04,BASELINE,288.0,1.408,25.521,2.552,19.59,0.38,19.21,0.38,STABLE,0.5843
2026-08-27 19:01:05,BASELINE,290.0,1.417,25.276,2.528,19.78,0.19,19.59,0.19,STABLE,0.5995
2026-08-27 19:01:07,BASELINE,296.0,1.447,24.561,2.456,20.36,0.58,19.78,0.58,INCREASING,0.612
2026-08-27 19:01:08,BASELINE,301.0,1.471,23.987,2.399,20.84,0.49,20.35,0.49,STABLE,0.6178
2026-08-27 19:01:09,BASELINE,304.0,1.486,23.651,2.365,21.14,0.3,20.84,0.3,STABLE,0.6265
2026-08-27 19:01:10,BASELINE,307.0,1.5,23.322,2.332,21.44,0.3,21.14,0.3,STABLE,0.6411
2026-08-27 19:01:11,BASELINE,306.0,1.496,23.431,2.343,21.34,-0.1,21.44,-0.1,STABLE,0.6408
2026-08-27 19:01:12,BASELINE,302.0,1.476,23.874,2.387,20.94,-0.4,21.34,-0.4,STABLE,0.623
2026-08-27 19:01:13,BASELINE,296.0,1.447,24.561,2.456,20.36,-0.59,20.95,-0.59,DECREASING,0.6143
2026-08-27 19:01:14,BASELINE,289.0,1.413,25.398,2.54,19.69,-0.67,20.360000000000003,-0.67,DECREASING,0.591
2026-08-27 19:01:15,BASELINE,280.0,1.369,26.536,2.654,18.84,-0.84,19.68,-0.84,DECREASING,0.569
2026-08-27 19:01:16,BASELINE,281.0,1.373,26.406,2.641,18.94,0.09,18.85,0.09,STABLE,0.5655
2026-08-27 19:01:17,BASELINE,286.0,1.398,25.769,2.577,19.4,0.47,18.93,0.47,STABLE,0.5785
2026-08-27 19:01:18,BASELINE,288.0,1.408,25.521,2.552,19.59,0.19,19.4,0.19,STABLE,0.5869
2026-08-27 19:01:19,BASELINE,294.0,1.437,24.796,2.48,20.16,0.57,19.59,0.57,INCREASING,0.6104
2026-08-27 19:01:20,BASELINE,296.0,1.447,24.561,2.456,20.36,0.19,20.169999999999998,0.19,STABLE,0.6145
2026-08-27 19:01:20,BASELINE,296.0,1.447,24.561,2.456,20.36,0.0,20.36,0.0,STABLE,0.6138
2026-08-27 19:01:22,BASELINE,301.0,1.471,23.987,2.399,20.84,0.49,20.35,0.49,STABLE,0.6178
2026-08-27 19:01:23,BASELINE,303.0,1.481,23.762,2.376,21.04,0.2,20.84,0.2,STABLE,0.6265
2026-08-27 19:01:23,BASELINE,304.0,1.486,23.651,2.365,21.14,0.1,21.04,0.1,STABLE,0.6283
2026-08-27 19:01:24,BASELINE,305.0,1.491,23.541,2.354,21.24,0.1,21.139999999999997,0.1,STABLE,0.6402
2026-08-27 19:01:26,BASELINE,305.0,1.491,23.541,2.354,21.24,0.0,21.24,0.0,STABLE,0.6389
2026-08-27 19:01:27,BASELINE,306.0,1.496,23.431,2.343,21.34,0.1,21.24,0.1,STABLE,0.6406
2026-08-27 19:01:28,BASELINE,308.0,1.505,23.214,2.321,21.54,0.2,21.34,0.2,STABLE,0.6451
2026-08-27 19:01:29,BASELINE,309.0,1.51,23.107,2.311,21.64,0.1,21.54,0.1,STABLE,0.6586
2026-08-27 19:01:30,BASELINE,309.0,1.51,23.107,2.311,21.64,0.0,21.64,0.0,STABLE,0.6572
2026-08-27 19:01:31,BASELINE,308.0,1.505,23.214,2.321,21.54,-0.1,21.64,-0.1,STABLE,0.6502
2026-08-27 19:01:32,BASELINE,307.0,1.5,23.322,2.332,21.44,-0.1,21.540000000000003,-0.1,STABLE,0.6502
2026-08-27 19:01:33,BASELINE,305.0,1.491,23.541,2.354,21.24,-0.2,21.439999999999998,-0.2,STABLE,0.64
2026-08-27 19:01:34,BASELINE,306.0,1.496,23.431,2.343,21.34,0.1,21.24,0.1,STABLE,0.6406
2026-08-27 19:01:34,BASELINE,308.0,1.505,23.214,2.321,21.54,0.2,21.34,0.2,STABLE,0.6451
2026-08-27 19:01:36,BASELINE,308.0,1.505,23.214,2.321,21.54,0.0,21.54,0.0,STABLE,0.6527
2026-08-27 19:01:36,BASELINE,307.0,1.5,23.322,2.332,21.44,-0.1,21.540000000000003,-0.1,STABLE,0.6502
2026-08-27 19:01:38,BASELINE,307.0,1.5,23.322,2.332,21.44,0.0,21.44,0.0,STABLE,0.6433
2026-08-27 19:01:39,BASELINE,308.0,1.505,23.214,2.321,21.54,0.1,21.439999999999998,0.1,STABLE,0.6446
2026-08-27 19:01:40,BASELINE,303.0,1.481,23.762,2.376,21.04,-0.5,21.54,-0.5,STABLE,0.6383
2026-08-27 19:01:41,BASELINE,301.0,1.471,23.987,2.399,20.84,-0.2,21.04,-0.2,STABLE,0.6176
2026-08-27 19:01:42,BASELINE,298.0,1.457,24.329,2.433,20.55,-0.29,20.84,-0.29,STABLE,0.6126
2026-08-27 19:01:43,BASELINE,294.0,1.437,24.796,2.48,20.16,-0.39,20.55,-0.39,STABLE,0.6106
2026-08-27 19:01:44,BASELINE,290.0,1.417,25.276,2.528,19.78,-0.38,20.16,-0.38,STABLE,0.5989
2026-08-27 19:01:45,BASELINE,289.0,1.413,25.398,2.54,19.69,-0.1,19.790000000000003,-0.1,STABLE,0.5873
2026-08-27 19:01:46,BASELINE,291.0,1.422,25.155,2.515,19.88,0.19,19.689999999999998,0.19,STABLE,0.6008
2026-08-27 19:01:47,BASELINE,288.0,1.408,25.521,2.552,19.59,-0.29,19.88,-0.29,STABLE,0.5868
2026-08-27 19:01:48,BASELINE,287.0,1.403,25.645,2.564,19.5,-0.09,19.59,-0.09,STABLE,0.5831
2026-08-27 19:01:48,BASELINE,290.0,1.417,25.276,2.528,19.78,0.28,19.5,0.28,STABLE,0.5991
2026-08-27 19:01:50,BASELINE,292.0,1.427,25.034,2.503,19.97,0.19,19.779999999999998,0.19,STABLE,0.6114
2026-08-27 19:01:51,BASELINE,291.0,1.422,25.155,2.515,19.88,-0.1,19.98,-0.1,STABLE,0.5993
2026-08-27 19:01:52,BASELINE,290.0,1.417,25.276,2.528,19.78,-0.1,19.880000000000003,-0.1,STABLE,0.5973
2026-08-27 19:01:53,BASELINE,292.0,1.427,25.034,2.503,19.97,0.19,19.779999999999998,0.19,STABLE,0.6114
2026-08-27 19:01:54,BASELINE,290.0,1.417,25.276,2.528,19.78,-0.19,19.970000000000002,-0.19,STABLE,0.5979
2026-08-27 19:01:55,BASELINE,292.0,1.427,25.034,2.503,19.97,0.19,19.779999999999998,0.19,STABLE,0.6114
2026-08-27 19:01:55,BASELINE,294.0,1.437,24.796,2.48,20.16,0.19,19.97,0.19,STABLE,0.6129
2026-08-27 19:01:57,BASELINE,288.0,1.408,25.521,2.552,19.59,-0.57,20.16,-0.57,DECREASING,0.5887
2026-08-27 19:01:58,BASELINE,289.0,1.413,25.398,2.54,19.69,0.09,19.6,0.09,STABLE,0.5889
2026-08-27 19:01:59,BASELINE,291.0,1.422,25.155,2.515,19.88,0.19,19.689999999999998,0.19,STABLE,0.6008
2026-08-27 19:02:00,BASELINE,290.0,1.417,25.276,2.528,19.78,-0.1,19.880000000000003,-0.1,STABLE,0.5973
2026-08-27 19:02:01,BASELINE,283.0,1.383,26.148,2.615,19.12,-0.66,19.78,-0.66,DECREASING,0.5769
2026-08-27 19:02:02,BASELINE,280.0,1.369,26.536,2.654,18.84,-0.28,19.12,-0.28,STABLE,0.5649
2026-08-27 19:02:02,BASELINE,271.0,1.325,27.749,2.775,18.02,-0.82,18.84,-0.82,DECREASING,0.5501
2026-08-27 19:02:03,BASELINE,272.0,1.329,27.61,2.761,18.11,0.09,18.02,0.09,STABLE,0.541
2026-08-27 19:02:05,BASELINE,275.0,1.344,27.2,2.72,18.38,0.27,18.11,0.27,STABLE,0.5445
2026-08-27 19:02:05,BASELINE,280.0,1.369,26.536,2.654,18.84,0.46,18.38,0.46,STABLE,0.5572
2026-08-27 19:02:06,BASELINE,281.0,1.373,26.406,2.641,18.94,0.09,18.85,0.09,STABLE,0.5655
2026-08-27 19:02:07,BASELINE,285.0,1.393,25.895,2.589,19.31,0.37,18.939999999999998,0.37,STABLE,0.5738
2026-08-27 19:02:09,BASELINE,288.0,1.408,25.521,2.552,19.59,0.28,19.31,0.28,STABLE,0.5853
2026-08-27 19:02:10,BASELINE,291.0,1.422,25.155,2.515,19.88,0.29,19.59,0.29,STABLE,0.6004
2026-08-27 19:02:11,BASELINE,291.0,1.422,25.155,2.515,19.88,0.0,19.88,0.0,STABLE,0.6004
2026-08-27 19:02:12,BASELINE,291.0,1.422,25.155,2.515,19.88,0.0,19.88,0.0,STABLE,0.6004
2026-08-27 19:02:13,BASELINE,294.0,1.437,24.796,2.48,20.16,0.29,19.87,0.29,STABLE,0.6118
2026-08-27 19:02:14,BASELINE,295.0,1.442,24.678,2.468,20.26,0.1,20.16,0.1,STABLE,0.6134
2026-08-27 19:02:14,BASELINE,290.0,1.417,25.276,2.528,19.78,-0.48,20.26,-0.48,STABLE,0.5992
2026-08-27 19:02:16,BASELINE,279.0,1.364,26.667,2.667,18.75,-1.03,19.78,-1.03,DECREASING,0.5677
2026-08-27 19:02:17,BASELINE,277.0,1.354,26.931,2.693,18.57,-0.18,18.75,-0.18,STABLE,0.5528
2026-08-27 19:02:18,BASELINE,278.0,1.359,26.799,2.68,18.66,0.09,18.57,0.09,STABLE,0.5542
2026-08-27 19:02:18,BASELINE,278.0,1.359,26.799,2.68,18.66,0.0,18.66,0.0,STABLE,0.5551
2026-08-27 19:02:20,BASELINE,278.0,1.359,26.799,2.68,18.66,0.0,18.66,0.0,STABLE,0.5551
2026-08-27 19:02:21,BASELINE,279.0,1.364,26.667,2.667,18.75,0.09,18.66,0.09,STABLE,0.5574
2026-08-27 19:02:21,BASELINE,279.0,1.364,26.667,2.667,18.75,0.0,18.75,0.0,STABLE,0.5581
2026-08-27 19:02:23,BASELINE,273.0,1.334,27.473,2.747,18.2,-0.55,18.75,-0.55,DECREASING,0.5508
2026-08-27 19:02:24,BASELINE,277.0,1.354,26.931,2.693,18.57,0.37,18.2,0.37,STABLE,0.5471
2026-08-27 19:02:25,BASELINE,276.0,1.349,27.065,2.707,18.47,-0.09,18.56,-0.09,STABLE,0.5486
2026-08-27 19:02:25,BASELINE,275.0,1.344,27.2,2.72,18.38,-0.09,18.47,-0.09,STABLE,0.5466
2026-08-27 19:02:27,BASELINE,274.0,1.339,27.336,2.734,18.29,-0.09,18.38,-0.09,STABLE,0.5457
2026-08-27 19:02:27,BASELINE,279.0,1.364,26.667,2.667,18.75,0.46,18.29,0.46,STABLE,0.5544
2026-08-27 19:02:28,BASELINE,276.0,1.349,27.065,2.707,18.47,-0.28,18.75,-0.28,STABLE,0.5531
2026-08-27 19:02:30,BASELINE,271.0,1.325,27.749,2.775,18.02,-0.46,18.48,-0.46,STABLE,0.548
2026-08-27 19:02:30,BASELINE,273.0,1.334,27.473,2.747,18.2,0.18,18.02,0.18,STABLE,0.5418
2026-08-27 19:02:32,BASELINE,274.0,1.339,27.336,2.734,18.29,0.09,18.2,0.09,STABLE,0.5435
2026-08-27 19:02:32,BASELINE,276.0,1.349,27.065,2.707,18.47,0.18,18.29,0.18,STABLE,0.5456
2026-08-27 19:02:34,BASELINE,282.0,1.378,26.277,2.628,19.03,0.55,18.48,0.55,INCREASING,0.5653
2026-08-27 19:02:35,BASELINE,285.0,1.393,25.895,2.589,19.31,0.28,19.029999999999998,0.28,STABLE,0.5745
2026-08-27 19:02:36,BASELINE,285.0,1.393,25.895,2.589,19.31,0.0,19.31,0.0,STABLE,0.5769
2026-08-27 19:02:37,BASELINE,282.0,1.378,26.277,2.628,19.03,-0.28,19.310000000000002,-0.28,STABLE,0.572
2026-08-27 19:02:38,BASELINE,285.0,1.393,25.895,2.589,19.31,0.28,19.029999999999998,0.28,STABLE,0.5745
2026-08-27 19:02:39,BASELINE,289.0,1.413,25.398,2.54,19.69,0.38,19.310000000000002,0.38,STABLE,0.5868
2026-08-27 19:02:40,BASELINE,295.0,1.442,24.678,2.468,20.26,0.57,19.69,0.57,INCREASING,0.6108
2026-08-27 19:02:40,BASELINE,300.0,1.466,24.1,2.41,20.75,0.49,20.26,0.49,STABLE,0.6178
2026-08-27 19:02:41,BASELINE,303.0,1.481,23.762,2.376,21.04,0.29,20.75,0.29,STABLE,0.6265
2026-08-27 19:02:42,BASELINE,305.0,1.491,23.541,2.354,21.24,0.2,21.04,0.2,STABLE,0.6396
2026-08-27 19:02:43,BASELINE,305.0,1.491,23.541,2.354,21.24,0.0,21.24,0.0,STABLE,0.6389
2026-08-27 19:02:45,BASELINE,303.0,1.481,23.762,2.376,21.04,-0.2,21.24,-0.2,STABLE,0.6252
2026-08-27 19:02:45,BASELINE,302.0,1.476,23.874,2.387,20.94,-0.1,21.040000000000003,-0.1,STABLE,0.618
2026-08-27 19:02:46,BASELINE,300.0,1.466,24.1,2.41,20.75,-0.2,20.95,-0.2,STABLE,0.6176
2026-08-27 19:02:48,BASELINE,300.0,1.466,24.1,2.41,20.75,0.0,20.75,0.0,STABLE,0.6181
2026-08-27 19:02:48,BASELINE,299.0,1.461,24.214,2.421,20.65,-0.1,20.75,-0.1,STABLE,0.6157
2026-08-27 19:02:49,BASELINE,302.0,1.476,23.874,2.387,20.94,0.29,20.650000000000002,0.29,STABLE,0.6194
2026-08-27 19:02:50,BASELINE,302.0,1.476,23.874,2.387,20.94,0.0,20.94,0.0,STABLE,0.619
2026-08-27 19:02:52,BASELINE,302.0,1.476,23.874,2.387,20.94,0.0,20.94,0.0,STABLE,0.619
2026-08-27 19:02:52,BASELINE,302.0,1.476,23.874,2.387,20.94,0.0,20.94,0.0,STABLE,0.619
2026-08-27 19:02:53,BASELINE,303.0,1.481,23.762,2.376,21.04,0.1,20.939999999999998,0.1,STABLE,0.6269
2026-08-27 19:02:55,BASELINE,300.0,1.466,24.1,2.41,20.75,-0.29,21.04,-0.29,STABLE,0.6176
2026-08-27 19:02:55,BASELINE,299.0,1.461,24.214,2.421,20.65,-0.1,20.75,-0.1,STABLE,0.6157
2026-08-27 19:02:56,BASELINE,295.0,1.442,24.678,2.468,20.26,-0.39,20.650000000000002,-0.39,STABLE,0.6111
2026-08-27 19:02:57,BASELINE,294.0,1.437,24.796,2.48,20.16,-0.1,20.26,-0.1,STABLE,0.6098
2026-08-27 19:02:59,BASELINE,294.0,1.437,24.796,2.48,20.16,0.0,20.16,0.0,STABLE,0.6122
2026-08-27 19:02:59,BASELINE,294.0,1.437,24.796,2.48,20.16,0.0,20.16,0.0,STABLE,0.6122
2026-08-27 19:03:00,BASELINE,296.0,1.447,24.561,2.456,20.36,0.19,20.169999999999998,0.19,STABLE,0.6145
2026-08-27 19:03:01,BASELINE,298.0,1.457,24.329,2.433,20.55,0.19,20.36,0.19,STABLE,0.6161
2026-08-27 19:03:02,BASELINE,301.0,1.471,23.987,2.399,20.84,0.29,20.55,0.29,STABLE,0.6187
2026-08-27 19:03:03,BASELINE,301.0,1.471,23.987,2.399,20.84,0.0,20.84,0.0,STABLE,0.6181
2026-08-27 19:03:04,BASELINE,301.0,1.471,23.987,2.399,20.84,0.0,20.84,0.0,STABLE,0.6181
2026-08-27 19:03:06,BASELINE,299.0,1.461,24.214,2.421,20.65,-0.2,20.849999999999998,-0.2,STABLE,0.6152
2026-08-27 19:03:07,BASELINE,298.0,1.457,24.329,2.433,20.55,-0.1,20.650000000000002,-0.1,STABLE,0.6125
2026-08-27 19:03:07,BASELINE,297.0,1.452,24.444,2.444,20.45,-0.1,20.55,-0.1,STABLE,0.6114
2026-08-27 19:03:08,BASELINE,294.0,1.437,24.796,2.48,20.16,-0.29,20.45,-0.29,STABLE,0.6103
2026-08-27 19:03:09,BASELINE,288.0,1.408,25.521,2.552,19.59,-0.57,20.16,-0.57,DECREASING,0.5887
2026-08-27 19:03:10,BASELINE,285.0,1.393,25.895,2.589,19.31,-0.28,19.59,-0.28,STABLE,0.5791
2026-08-27 19:03:11,BASELINE,283.0,1.383,26.148,2.615,19.12,-0.19,19.310000000000002,-0.19,STABLE,0.5722
2026-08-27 19:03:13,BASELINE,278.0,1.359,26.799,2.68,18.66,-0.46,19.12,-0.46,STABLE,0.5616
2026-08-27 19:03:14,BASELINE,273.0,1.334,27.473,2.747,18.2,-0.46,18.66,-0.46,STABLE,0.5502
2026-08-27 19:03:15,BASELINE,272.0,1.329,27.61,2.761,18.11,-0.09,18.2,-0.09,STABLE,0.5413
2026-08-27 19:03:16,BASELINE,273.0,1.334,27.473,2.747,18.2,0.09,18.11,0.09,STABLE,0.5421
2026-08-27 19:03:16,BASELINE,273.0,1.334,27.473,2.747,18.2,0.0,18.2,0.0,STABLE,0.5421
2026-08-27 19:03:18,BASELINE,278.0,1.359,26.799,2.68,18.66,0.46,18.2,0.46,STABLE,0.5508
2026-08-27 19:03:18,BASELINE,284.0,1.388,26.021,2.602,19.22,0.56,18.66,0.56,INCREASING,0.5724
2026-08-27 19:03:20,BASELINE,288.0,1.408,25.521,2.552,19.59,0.38,19.21,0.38,STABLE,0.5843
2026-08-27 19:03:21,BASELINE,290.0,1.417,25.276,2.528,19.78,0.19,19.59,0.19,STABLE,0.5995
2026-08-27 19:03:22,BASELINE,295.0,1.442,24.678,2.468,20.26,0.48,19.78,0.48,STABLE,0.6114
2026-08-27 19:03:22,BASELINE,297.0,1.452,24.444,2.444,20.45,0.19,20.259999999999998,0.19,STABLE,0.6145
2026-08-27 19:03:23,BASELINE,297.0,1.452,24.444,2.444,20.45,0.0,20.45,0.0,STABLE,0.6138
2026-08-27 19:03:25,BASELINE,298.0,1.457,24.329,2.433,20.55,0.1,20.45,0.1,STABLE,0.6157
2026-08-27 19:03:25,BASELINE,298.0,1.457,24.329,2.433,20.55,0.0,20.55,0.0,STABLE,0.6145
2026-08-27 19:03:27,BASELINE,292.0,1.427,25.034,2.503,19.97,-0.58,20.549999999999997,-0.58,DECREASING,0.6105
2026-08-27 19:03:27,BASELINE,290.0,1.417,25.276,2.528,19.78,-0.19,19.970000000000002,-0.19,STABLE,0.5979
2026-08-27 19:03:28,BASELINE,288.0,1.408,25.521,2.552,19.59,-0.19,19.78,-0.19,STABLE,0.5858
2026-08-27 19:03:29,BASELINE,289.0,1.413,25.398,2.54,19.69,0.09,19.6,0.09,STABLE,0.5889
2026-08-27 19:03:30,BASELINE,288.0,1.408,25.521,2.552,19.59,-0.09,19.68,-0.09,STABLE,0.5852
2026-08-27 19:03:31,BASELINE,288.0,1.408,25.521,2.552,19.59,0.0,19.59,0.0,STABLE,0.5867
2026-08-27 19:03:32,BASELINE,290.0,1.417,25.276,2.528,19.78,0.19,19.59,0.19,STABLE,0.5995
2026-08-27 19:03:33,BASELINE,290.0,1.417,25.276,2.528,19.78,0.0,19.78,0.0,STABLE,0.599
2026-08-27 19:03:35,BASELINE,289.0,1.413,25.398,2.54,19.69,-0.1,19.790000000000003,-0.1,STABLE,0.5873
2026-08-27 19:03:36,BASELINE,293.0,1.432,24.915,2.491,20.07,0.38,19.69,0.38,STABLE,0.6108
2026-08-27 19:03:36,BASELINE,295.0,1.442,24.678,2.468,20.26,0.19,20.07,0.19,STABLE,0.6129
2026-08-27 19:03:37,BASELINE,294.0,1.437,24.796,2.48,20.16,-0.1,20.26,-0.1,STABLE,0.6098
2026-08-27 19:03:38,BASELINE,294.0,1.437,24.796,2.48,20.16,0.0,20.16,0.0,STABLE,0.6122
2026-08-27 19:03:39,BASELINE,293.0,1.432,24.915,2.491,20.07,-0.1,20.17,-0.1,STABLE,0.6098
2026-08-27 19:03:40,BASELINE,292.0,1.427,25.034,2.503,19.97,-0.1,20.07,-0.1,STABLE,0.6091
2026-08-27 19:03:41,BASELINE,291.0,1.422,25.155,2.515,19.88,-0.1,19.98,-0.1,STABLE,0.5993
2026-08-27 19:03:42,BASELINE,293.0,1.432,24.915,2.491,20.07,0.19,19.88,0.19,STABLE,0.6118
2026-08-27 19:03:43,BASELINE,292.0,1.427,25.034,2.503,19.97,-0.1,20.07,-0.1,STABLE,0.6091
2026-08-27 19:03:44,BASELINE,291.0,1.422,25.155,2.515,19.88,-0.1,19.98,-0.1,STABLE,0.5993
2026-08-27 19:03:45,BASELINE,288.0,1.408,25.521,2.552,19.59,-0.29,19.88,-0.29,STABLE,0.5868
2026-08-27 19:03:46,BASELINE,287.0,1.403,25.645,2.564,19.5,-0.09,19.59,-0.09,STABLE,0.5831
2026-08-27 19:03:48,BASELINE,287.0,1.403,25.645,2.564,19.5,0.0,19.5,0.0,STABLE,0.5846
2026-08-27 19:03:48,BASELINE,289.0,1.413,25.398,2.54,19.69,0.19,19.5,0.19,STABLE,0.589
2026-08-27 19:03:50,BASELINE,289.0,1.413,25.398,2.54,19.69,0.0,19.69,0.0,STABLE,0.5885
2026-08-27 19:03:50,BASELINE,286.0,1.398,25.769,2.577,19.4,-0.28,19.68,-0.28,STABLE,0.583
2026-08-27 19:03:52,BASELINE,277.0,1.354,26.931,2.693,18.57,-0.84,19.41,-0.84,DECREASING,0.5616
2026-08-27 19:03:52,BASELINE,274.0,1.339,27.336,2.734,18.29,-0.27,18.56,-0.27,STABLE,0.5499
2026-08-27 19:03:53,BASELINE,273.0,1.334,27.473,2.747,18.2,-0.09,18.29,-0.09,STABLE,0.5431
2026-08-27 19:03:54,BASELINE,274.0,1.339,27.336,2.734,18.29,0.09,18.2,0.09,STABLE,0.5435
2026-08-27 19:03:56,BASELINE,277.0,1.354,26.931,2.693,18.57,0.27,18.3,0.27,STABLE,0.5481
2026-08-27 19:03:56,BASELINE,279.0,1.364,26.667,2.667,18.75,0.18,18.57,0.18,STABLE,0.557
2026-08-27 19:03:57,BASELINE,285.0,1.393,25.895,2.589,19.31,0.56,18.75,0.56,INCREASING,0.5727
2026-08-27 19:03:58,BASELINE,287.0,1.403,25.645,2.564,19.5,0.19,19.31,0.19,STABLE,0.5836
2026-08-27 19:03:59,BASELINE,289.0,1.413,25.398,2.54,19.69,0.19,19.5,0.19,STABLE,0.589
2026-08-27 19:04:00,BASELINE,290.0,1.417,25.276,2.528,19.78,0.1,19.68,0.1,STABLE,0.5993
2026-08-27 19:04:02,BASELINE,287.0,1.403,25.645,2.564,19.5,-0.28,19.78,-0.28,STABLE,0.5847
2026-08-27 19:04:03,BASELINE,286.0,1.398,25.769,2.577,19.4,-0.09,19.49,-0.09,STABLE,0.5815
2026-08-27 19:04:04,BASELINE,281.0,1.373,26.406,2.641,18.94,-0.47,19.41,-0.47,STABLE,0.5723
2026-08-27 19:04:05,BASELINE,278.0,1.359,26.799,2.68,18.66,-0.28,18.94,-0.28,STABLE,0.5594
2026-08-27 19:04:06,BASELINE,271.0,1.325,27.749,2.775,18.02,-0.64,18.66,-0.64,DECREASING,0.5488
2026-08-27 19:04:07,BASELINE,270.0,1.32,27.889,2.789,17.93,-0.09,18.02,-0.09,STABLE,0.5372
2026-08-27 19:04:07,BASELINE,270.0,1.32,27.889,2.789,17.93,0.0,17.93,0.0,STABLE,0.5365
2026-08-27 19:04:08,BASELINE,273.0,1.334,27.473,2.747,18.2,0.27,17.93,0.27,STABLE,0.5411
2026-08-27 19:04:09,BASELINE,278.0,1.359,26.799,2.68,18.66,0.46,18.2,0.46,STABLE,0.5508
2026-08-27 19:04:10,BASELINE,280.0,1.369,26.536,2.654,18.84,0.18,18.66,0.18,STABLE,0.5597
2026-08-27 19:04:12,BASELINE,281.0,1.373,26.406,2.641,18.94,0.09,18.85,0.09,STABLE,0.5655
2026-08-27 19:04:12,BASELINE,281.0,1.373,26.406,2.641,18.94,0.0,18.94,0.0,STABLE,0.5655
2026-08-27 19:04:14,BASELINE,285.0,1.393,25.895,2.589,19.31,0.37,18.939999999999998,0.37,STABLE,0.5738
2026-08-27 19:04:15,BASELINE,286.0,1.398,25.769,2.577,19.4,0.09,19.31,0.09,STABLE,0.5819
2026-08-27 19:04:16,BASELINE,286.0,1.398,25.769,2.577,19.4,0.0,19.4,0.0,STABLE,0.5827
2026-08-27 19:04:16,BASELINE,286.0,1.398,25.769,2.577,19.4,0.0,19.4,0.0,STABLE,0.5827
2026-08-27 19:04:18,BASELINE,287.0,1.403,25.645,2.564,19.5,0.09,19.41,0.09,STABLE,0.5853
2026-08-27 19:04:19,BASELINE,287.0,1.403,25.645,2.564,19.5,0.0,19.5,0.0,STABLE,0.5846
2026-08-27 19:04:20,BASELINE,290.0,1.417,25.276,2.528,19.78,0.28,19.5,0.28,STABLE,0.5991
2026-08-27 19:04:21,BASELINE,285.0,1.393,25.895,2.589,19.31,-0.47,19.779999999999998,-0.47,STABLE,0.5806
2026-08-27 19:04:22,BASELINE,284.0,1.388,26.021,2.602,19.22,-0.09,19.31,-0.09,STABLE,0.5758
2026-08-27 19:04:23,BASELINE,280.0,1.369,26.536,2.654,18.84,-0.37,19.21,-0.37,STABLE,0.5658
2026-08-27 19:04:23,BASELINE,281.0,1.373,26.406,2.641,18.94,0.09,18.85,0.09,STABLE,0.5655
2026-08-27 19:04:25,BASELINE,282.0,1.378,26.277,2.628,19.03,0.09,18.94,0.09,STABLE,0.5673
2026-08-27 19:04:26,BASELINE,283.0,1.383,26.148,2.615,19.12,0.09,19.03,0.09,STABLE,0.57
2026-08-27 19:04:26,BASELINE,286.0,1.398,25.769,2.577,19.4,0.28,19.119999999999997,0.28,STABLE,0.5802
2026-08-27 19:04:28,BASELINE,288.0,1.408,25.521,2.552,19.59,0.19,19.4,0.19,STABLE,0.5869
2026-08-27 19:04:29,BASELINE,289.0,1.413,25.398,2.54,19.69,0.09,19.6,0.09,STABLE,0.5889
2026-08-27 19:04:29,BASELINE,287.0,1.403,25.645,2.564,19.5,-0.19,19.69,-0.19,STABLE,0.5835
2026-08-27 19:04:31,BASELINE,289.0,1.413,25.398,2.54,19.69,0.19,19.5,0.19,STABLE,0.589
2026-08-27 19:04:32,BASELINE,290.0,1.417,25.276,2.528,19.78,0.1,19.68,0.1,STABLE,0.5993
2026-08-27 19:04:33,BASELINE,290.0,1.417,25.276,2.528,19.78,0.0,19.78,0.0,STABLE,0.599
2026-08-27 19:04:33,BASELINE,288.0,1.408,25.521,2.552,19.59,-0.19,19.78,-0.19,STABLE,0.5858
2026-08-27 19:04:35,BASELINE,286.0,1.398,25.769,2.577,19.4,-0.19,19.59,-0.19,STABLE,0.5819
2026-08-27 19:04:36,BASELINE,281.0,1.373,26.406,2.641,18.94,-0.47,19.41,-0.47,STABLE,0.5723
2026-08-27 19:04:36,BASELINE,277.0,1.354,26.931,2.693,18.57,-0.37,18.94,-0.37,STABLE,0.5567
2026-08-27 19:04:37,BASELINE,276.0,1.349,27.065,2.707,18.47,-0.09,18.56,-0.09,STABLE,0.5486
2026-08-27 19:04:39,BASELINE,273.0,1.334,27.473,2.747,18.2,-0.27,18.47,-0.27,STABLE,0.5466
2026-08-27 19:04:40,BASELINE,269.0,1.315,28.03,2.803,17.84,-0.36,18.2,-0.36,STABLE,0.537
2026-08-27 19:04:41,BASELINE,258.0,1.261,29.651,2.965,16.86,-0.98,17.84,-0.98,DECREASING,0.5064
2026-08-27 19:04:41,BASELINE,254.0,1.241,30.276,3.028,16.51,-0.35,16.860000000000003,-0.35,STABLE,0.4956
2026-08-27 19:04:42,BASELINE,255.0,1.246,30.118,3.012,16.6,0.09,16.51,0.09,STABLE,0.4977
2026-08-27 19:04:43,BASELINE,257.0,1.256,29.805,2.981,16.78,0.17,16.61,0.17,STABLE,0.5034
2026-08-27 19:04:44,BASELINE,261.0,1.276,29.195,2.92,17.13,0.35,16.779999999999998,0.35,STABLE,0.5136
2026-08-27 19:04:46,BASELINE,264.0,1.29,28.75,2.875,17.39,0.27,17.12,0.27,STABLE,0.5216
2026-08-27 19:04:47,BASELINE,269.0,1.315,28.03,2.803,17.84,0.45,17.39,0.45,STABLE,0.5331
2026-08-27 19:04:48,BASELINE,272.0,1.329,27.61,2.761,18.11,0.27,17.84,0.27,STABLE,0.5403
2026-08-27 19:04:49,BASELINE,268.0,1.31,28.172,2.817,17.75,-0.36,18.11,-0.36,STABLE,0.5352
2026-08-27 19:04:49,BASELINE,270.0,1.32,27.889,2.789,17.93,0.18,17.75,0.18,STABLE,0.5364
2026-08-27 19:04:50,BASELINE,268.0,1.31,28.172,2.817,17.75,-0.18,17.93,-0.18,STABLE,0.5323
2026-08-27 19:04:51,BASELINE,265.0,1.295,28.604,2.86,17.48,-0.27,17.75,-0.27,STABLE,0.5267
2026-08-27 19:04:53,BASELINE,269.0,1.315,28.03,2.803,17.84,0.36,17.48,0.36,STABLE,0.5331
2026-08-27 19:04:54,BASELINE,271.0,1.325,27.749,2.775,18.02,0.18,17.84,0.18,STABLE,0.5401
2026-08-27 19:04:54,BASELINE,274.0,1.339,27.336,2.734,18.29,0.27,18.02,0.27,STABLE,0.5432
2026-08-27 19:04:56,BASELINE,275.0,1.344,27.2,2.72,18.38,0.09,18.29,0.09,STABLE,0.5455
2026-08-27 19:04:56,BASELINE,276.0,1.349,27.065,2.707,18.47,0.09,18.38,0.09,STABLE,0.5468
2026-08-27 19:09:48,BASELINE,275.0,1.344,27.2,2.72,18.38,-0.28,18.66,-0.28,STABLE,0.5523
2026-08-27 19:09:48,BASELINE,277.0,1.354,26.931,2.693,18.57,0.18,18.39,0.18,STABLE,0.5493
2026-08-27 19:09:48,BASELINE,276.0,1.349,27.065,2.707,18.47,-0.09,18.56,-0.09,STABLE,0.5486
2026-08-27 19:09:49,BASELINE,277.0,1.354,26.931,2.693,18.57,0.09,18.48,0.09,STABLE,0.551
2026-08-27 19:09:50,BASELINE,282.0,1.378,26.277,2.628,19.03,0.46,18.57,0.46,STABLE,0.5653
2026-08-27 19:09:51,BASELINE,282.0,1.378,26.277,2.628,19.03,0.0,19.03,0.0,STABLE,0.5679
2026-08-27 19:09:52,BASELINE,290.0,1.417,25.276,2.528,19.78,0.75,19.03,0.75,INCREASING,0.5937
2026-08-27 19:09:53,BASELINE,293.0,1.432,24.915,2.491,20.07,0.29,19.78,0.29,STABLE,0.6114
2026-08-27 19:09:54,BASELINE,294.0,1.437,24.796,2.48,20.16,0.1,20.06,0.1,STABLE,0.6125
2026-08-27 19:09:55,BASELINE,298.0,1.457,24.329,2.433,20.55,0.39,20.16,0.39,STABLE,0.6152
2026-08-27 19:09:56,BASELINE,295.0,1.442,24.678,2.468,20.26,-0.29,20.55,-0.29,STABLE,0.6103
2026-08-27 19:09:57,BASELINE,294.0,1.437,24.796,2.48,20.16,-0.1,20.26,-0.1,STABLE,0.6098
2026-08-27 19:09:58,BASELINE,293.0,1.432,24.915,2.491,20.07,-0.1,20.17,-0.1,STABLE,0.6098
2026-08-27 19:09:59,BASELINE,293.0,1.432,24.915,2.491,20.07,0.0,20.07,0.0,STABLE,0.6113
2026-08-27 19:10:00,BASELINE,295.0,1.442,24.678,2.468,20.26,0.19,20.07,0.19,STABLE,0.6129
2026-08-27 19:10:01,BASELINE,290.0,1.417,25.276,2.528,19.78,-0.48,20.26,-0.48,STABLE,0.5992
2026-08-27 19:10:02,BASELINE,289.0,1.413,25.398,2.54,19.69,-0.1,19.790000000000003,-0.1,STABLE,0.5873
2026-08-27 19:10:03,BASELINE,280.0,1.369,26.536,2.654,18.84,-0.84,19.68,-0.84,DECREASING,0.569
2026-08-27 19:10:04,BASELINE,278.0,1.359,26.799,2.68,18.66,-0.18,18.84,-0.18,STABLE,0.5563
2026-08-27 19:10:05,BASELINE,276.0,1.349,27.065,2.707,18.47,-0.18,18.65,-0.18,STABLE,0.5497
2026-08-27 19:10:07,BASELINE,280.0,1.369,26.536,2.654,18.84,0.37,18.47,0.37,STABLE,0.5572
2026-08-27 19:10:08,BASELINE,281.0,1.373,26.406,2.641,18.94,0.09,18.85,0.09,STABLE,0.5655
2026-08-27 19:10:09,BASELINE,284.0,1.388,26.021,2.602,19.22,0.28,18.939999999999998,0.28,STABLE,0.5738
2026-08-27 19:10:09,BASELINE,290.0,1.417,25.276,2.528,19.78,0.57,19.21,0.57,INCREASING,0.5959
2026-08-27 19:10:10,BASELINE,294.0,1.437,24.796,2.48,20.16,0.38,19.78,0.38,STABLE,0.6114
2026-08-27 19:10:11,BASELINE,300.0,1.466,24.1,2.41,20.75,0.58,20.17,0.58,INCREASING,0.6178
2026-08-27 19:10:13,BASELINE,305.0,1.491,23.541,2.354,21.24,0.49,20.75,0.49,STABLE,0.6373
2026-08-27 19:10:13,BASELINE,310.0,1.515,23.0,2.3,21.74,0.5,21.24,0.5,STABLE,0.6456
2026-08-27 19:10:15,BASELINE,308.0,1.505,23.214,2.321,21.54,-0.2,21.74,-0.2,STABLE,0.6519
2026-08-27 19:10:15,BASELINE,308.0,1.505,23.214,2.321,21.54,0.0,21.54,0.0,STABLE,0.6527
2026-08-27 19:10:16,BASELINE,301.0,1.471,23.987,2.399,20.84,-0.69,21.53,-0.69,DECREASING,0.6318
2026-08-27 19:10:17,BASELINE,294.0,1.437,24.796,2.48,20.16,-0.68,20.84,-0.68,DECREASING,0.6116
2026-08-27 19:10:18,BASELINE,289.0,1.413,25.398,2.54,19.69,-0.48,20.17,-0.48,STABLE,0.59
2026-08-27 19:10:19,BASELINE,285.0,1.393,25.895,2.589,19.31,-0.38,19.689999999999998,-0.38,STABLE,0.5795
2026-08-27 19:10:21,BASELINE,285.0,1.393,25.895,2.589,19.31,0.0,19.31,0.0,STABLE,0.5769
2026-08-27 19:10:22,BASELINE,274.0,1.339,27.336,2.734,18.29,-1.02,19.31,-1.02,DECREASING,0.5568
2026-08-27 19:10:22,BASELINE,271.0,1.325,27.749,2.775,18.02,-0.27,18.29,-0.27,STABLE,0.5444
2026-08-27 19:10:23,BASELINE,272.0,1.329,27.61,2.761,18.11,0.09,18.02,0.09,STABLE,0.541
2026-08-27 19:10:24,BASELINE,271.0,1.325,27.749,2.775,18.02,-0.09,18.11,-0.09,STABLE,0.5411
2026-08-27 19:10:26,BASELINE,271.0,1.325,27.749,2.775,18.02,0.0,18.02,0.0,STABLE,0.5407
2026-08-27 19:10:26,BASELINE,270.0,1.32,27.889,2.789,17.93,-0.09,18.02,-0.09,STABLE,0.5372
2026-08-27 19:10:27,BASELINE,276.0,1.349,27.065,2.707,18.47,0.55,17.919999999999998,0.55,INCREASING,0.5437
2026-08-27 19:10:28,BASELINE,280.0,1.369,26.536,2.654,18.84,0.37,18.47,0.37,STABLE,0.5572
2026-08-27 19:10:30,BASELINE,284.0,1.388,26.021,2.602,19.22,0.37,18.849999999999998,0.37,STABLE,0.5738
2026-08-27 19:10:30,BASELINE,289.0,1.413,25.398,2.54,19.69,0.47,19.220000000000002,0.47,STABLE,0.5858
2026-08-27 19:10:31,BASELINE,287.0,1.403,25.645,2.564,19.5,-0.19,19.69,-0.19,STABLE,0.5835
2026-08-27 19:10:32,BASELINE,290.0,1.417,25.276,2.528,19.78,0.28,19.5,0.28,STABLE,0.5991
2026-08-27 19:10:33,BASELINE,289.0,1.413,25.398,2.54,19.69,-0.1,19.790000000000003,-0.1,STABLE,0.5873
2026-08-27 19:10:34,BASELINE,293.0,1.432,24.915,2.491,20.07,0.38,19.69,0.38,STABLE,0.6108
2026-08-27 19:10:35,BASELINE,298.0,1.457,24.329,2.433,20.55,0.48,20.07,0.48,STABLE,0.6142
2026-08-27 19:10:37,BASELINE,294.0,1.437,24.796,2.48,20.16,-0.39,20.55,-0.39,STABLE,0.6106
2026-08-27 19:10:37,BASELINE,294.0,1.437,24.796,2.48,20.16,0.0,20.16,0.0,STABLE,0.6122
2026-08-27 19:10:38,BASELINE,294.0,1.437,24.796,2.48,20.16,0.0,20.16,0.0,STABLE,0.6122
2026-08-27 19:10:39,BASELINE,292.0,1.427,25.034,2.503,19.97,-0.19,20.16,-0.19,STABLE,0.6093
2026-08-27 19:10:41,BASELINE,287.0,1.403,25.645,2.564,19.5,-0.48,19.98,-0.48,STABLE,0.5864
2026-08-27 19:10:42,BASELINE,288.0,1.408,25.521,2.552,19.59,0.09,19.5,0.09,STABLE,0.5871
2026-08-27 19:10:42,BASELINE,283.0,1.383,26.148,2.615,19.12,-0.47,19.59,-0.47,STABLE,0.5759
2026-08-27 19:10:44,BASELINE,285.0,1.393,25.895,2.589,19.31,0.19,19.119999999999997,0.19,STABLE,0.5755
2026-08-27 19:10:45,BASELINE,283.0,1.383,26.148,2.615,19.12,-0.19,19.310000000000002,-0.19,STABLE,0.5722
2026-08-27 19:10:46,BASELINE,279.0,1.364,26.667,2.667,18.75,-0.37,19.12,-0.37,STABLE,0.5631
2026-08-27 19:10:46,BASELINE,285.0,1.393,25.895,2.589,19.31,0.56,18.75,0.56,INCREASING,0.5727
2026-08-27 19:10:47,BASELINE,288.0,1.408,25.521,2.552,19.59,0.28,19.31,0.28,STABLE,0.5853
2026-08-27 19:10:48,BASELINE,290.0,1.417,25.276,2.528,19.78,0.19,19.59,0.19,STABLE,0.5995
